R1,G1,B1,R2,G2,B2,Count
5,125,127,23,152,177,1
7,177,189,25,171,176,1
27,189,203,23,152,177,2
17,123,133,11,92,102,2
26,199,177,17,123,133,2
11,92,102,17,123,133,2
2,106,132,23,152,177,2
17,123,133,23,152,177,2
5,125,127,3,124,143,2
23,152,177,11,92,102,2
25,171,176,25,171,176,3
27,189,203,25,171,176,3
23,152,177,23,152,177,3
1,82,119,5,125,127,3
23,152,177,7,177,189,3
5,125,127,25,171,176,3
7,177,189,27,189,203,3
3,124,143,17,123,133,3
25,171,176,23,152,177,3
11,92,102,7,177,189,3
5,125,127,1,82,119,3
23,152,177,17,123,133,3
25,171,176,29,225,192,3
11,92,102,5,125,127,3
7,177,189,17,123,133,3
7,177,189,23,152,177,3
25,171,176,11,92,102,4
23,152,177,25,171,176,4
3,124,143,25,171,176,4
2,106,132,17,123,133,4
7,177,189,11,92,102,4
5,125,127,2,106,132,4
23,152,177,3,124,143,4
23,152,177,5,125,127,4
17,123,133,3,124,143,4
17,123,133,1,82,119,5
25,171,176,26,199,177,5
26,199,177,23,152,177,5
25,171,176,27,189,203,5
7,177,189,12,100,87,5
12,100,87,5,125,127,5
11,92,102,25,171,176,6
11,92,102,11,92,102,6
11,92,102,23,152,177,6
23,152,177,26,199,177,6
11,92,102,29,225,192,6
23,152,177,30,222,222,6
29,225,192,17,123,133,6
25,171,176,5,125,127,6
27,189,203,3,124,143,6
17,123,133,25,171,176,6
2,106,132,11,92,102,6
5,125,127,27,189,203,6
17,123,133,7,177,189,6
26,199,177,7,177,189,6
23,152,177,1,82,119,6
5,125,127,7,177,189,6
1,82,119,25,171,176,6
27,189,203,17,123,133,7
25,171,176,17,123,133,7
17,123,133,2,106,132,7
17,123,133,17,123,133,7
20,140,132,23,152,177,7
24,179,149,2,106,132,7
16,136,110,7,177,189,7
25,171,176,20,140,132,7
11,92,102,26,199,177,7
11,92,102,24,179,149,7
2,106,132,27,189,203,7
5,125,127,11,92,102,7
25,171,176,7,177,189,7
3,124,143,23,152,177,7
29,225,192,7,177,189,7
1,82,119,17,123,133,7
17,123,133,20,140,132,8
23,152,177,16,136,110,8
12,100,87,17,123,133,8
16,136,110,11,92,102,8
24,179,149,25,171,176,8
23,152,177,29,225,192,8
30,222,222,11,92,102,8
12,100,87,23,152,177,8
25,171,176,2,106,132,8
17,123,133,16,136,110,8
11,92,102,3,124,143,8
27,189,203,5,125,127,8
23,152,177,2,106,132,8
3,124,143,16,136,110,8
23,152,177,12,100,87,8
26,199,177,5,125,127,8
2,106,132,16,136,110,8
26,199,177,3,124,143,8
1,82,119,23,152,177,8
7,177,189,26,199,177,8
2,106,132,5,125,127,8
24,179,149,23,152,177,8
23,152,177,24,179,149,8
24,179,149,17,123,133,9
11,92,102,27,189,203,9
27,189,203,11,92,102,9
23,152,177,20,140,132,9
17,123,133,26,199,177,9
29,225,192,27,189,203,9
16,136,110,25,171,176,9
25,171,176,6,152,156,9
25,171,176,3,124,143,9
11,92,102,2,106,132,9
9,82,84,5,125,127,9
17,123,133,29,225,192,9
5,125,127,26,199,177,9
24,179,149,7,177,189,9
27,189,203,29,225,192,9
25,171,176,1,82,119,9
3,124,143,5,125,127,9
11,92,102,4,107,108,9
12,100,87,25,171,176,10
24,179,149,27,189,203,10
30,222,222,25,171,176,10
25,171,176,30,222,222,10
28,222,206,25,171,176,10
27,189,203,24,179,149,10
16,136,110,17,123,133,10
17,123,133,27,189,203,10
20,140,132,25,171,176,10
14,115,94,17,123,133,10
17,123,133,30,222,222,10
11,92,102,8,79,63,10
29,225,192,12,100,87,10
11,92,102,1,82,119,10
14,115,94,25,171,176,10
3,124,143,24,179,149,10
5,125,127,17,123,133,10
11,92,102,14,115,94,10
7,177,189,24,179,149,10
3,124,143,11,92,102,10
6,152,156,25,171,176,10
3,124,143,26,199,177,10
11,92,102,20,140,132,11
26,199,177,11,92,102,11
23,152,177,27,189,203,11
27,189,203,27,189,203,11
27,189,203,20,140,132,11
29,225,192,25,171,176,11
23,152,177,4,107,108,11
16,136,110,23,152,177,11
19,148,123,25,171,176,11
16,136,110,5,125,127,11
6,152,156,23,152,177,11
16,136,110,3,124,143,11
6,152,156,11,92,102,11
5,125,127,16,136,110,11
7,177,189,16,136,110,11
7,177,189,22,160,127,11
11,92,102,6,152,156,11
3,124,143,12,100,87,11
29,225,192,2,106,132,11
3,124,143,27,189,203,11
20,140,132,17,123,133,12
27,189,203,12,100,87,12
9,82,84,25,171,176,12
19,148,123,23,152,177,12
24,179,149,11,92,102,12
21,156,132,7,177,189,12
25,171,176,24,179,149,12
25,171,176,4,107,108,12
12,100,87,3,124,143,12
14,115,94,23,152,177,12
7,177,189,21,156,132,12
7,177,189,5,125,127,12
4,107,108,25,171,176,12
4,107,108,11,92,102,12
4,107,108,23,152,177,12
23,152,177,6,152,156,12
27,189,203,2,106,132,12
16,136,110,2,106,132,12
28,222,206,23,152,177,12
24,179,149,5,125,127,12
3,124,143,28,222,206,12
27,189,203,30,222,222,13
11,92,102,28,222,206,13
25,171,176,28,222,206,13
27,189,203,26,199,177,13
26,199,177,24,179,149,13
23,152,177,9,82,84,13
21,156,132,5,125,127,13
28,222,206,17,123,133,13
17,123,133,5,125,127,13
28,222,206,7,177,189,13
20,140,132,7,177,189,13
2,106,132,25,171,176,13
23,152,177,8,79,63,13
7,177,189,29,225,192,13
27,189,203,4,107,108,13
5,125,127,12,100,87,13
24,179,149,3,124,143,13
17,123,133,6,152,156,13
20,140,132,27,189,203,13
7,177,189,28,222,206,13
15,120,101,3,124,143,13
7,177,189,7,177,189,13
3,124,143,14,115,94,13
8,79,63,7,177,189,13
11,92,102,16,136,110,14
17,123,133,12,100,87,14
26,199,177,25,171,176,14
27,189,203,16,136,110,14
29,225,192,11,92,102,14
16,136,110,27,189,203,14
20,140,132,11,92,102,14
23,152,177,22,160,127,14
17,123,133,28,222,206,14
23,152,177,13,109,104,14
17,123,133,24,179,149,14
30,222,222,17,123,133,14
23,152,177,28,222,206,14
12,100,87,7,177,189,14
7,177,189,8,79,63,14
8,79,63,11,92,102,14
7,177,189,20,140,132,14
3,124,143,21,156,132,14
20,140,132,2,106,132,14
2,106,132,26,199,177,14
7,177,189,15,120,101,14
1,82,119,26,199,177,14
3,124,143,19,148,123,14
23,152,177,10,90,74,15
11,92,102,12,100,87,15
25,171,176,12,100,87,15
11,92,102,30,222,222,15
9,82,84,11,92,102,15
22,160,127,5,125,127,15
25,171,176,16,136,110,15
8,79,63,3,124,143,15
19,148,123,7,177,189,15
5,125,127,15,120,101,15
1,82,119,27,189,203,15
5,125,127,9,82,84,15
23,152,177,14,115,94,15
25,171,176,22,160,127,16
11,92,102,9,82,84,16
28,222,206,2,106,132,16
8,79,63,17,123,133,16
14,115,94,11,92,102,16
20,140,132,5,125,127,16
30,222,222,23,152,177,16
12,100,87,2,106,132,16
25,171,176,8,79,63,16
8,79,63,27,189,203,16
28,222,206,5,125,127,16
26,199,177,2,106,132,16
1,82,119,11,92,102,16
17,123,133,14,115,94,16
3,124,143,20,140,132,16
26,199,177,1,82,119,16
2,106,132,24,179,149,16
2,106,132,29,225,192,16
29,225,192,3,124,143,16
8,79,63,23,152,177,16
7,177,189,14,115,94,16
26,199,177,27,189,203,17
23,152,177,21,156,132,17
25,171,176,13,109,104,17
23,152,177,19,148,123,17
21,156,132,23,152,177,17
19,148,123,11,92,102,17
9,82,84,23,152,177,17
29,225,192,29,225,192,17
19,148,123,2,106,132,17
28,222,206,3,124,143,17
15,120,101,2,106,132,17
15,120,101,7,177,189,17
15,120,101,5,125,127,17
30,222,222,5,125,127,17
6,152,156,17,123,133,17
5,125,127,13,109,104,17
2,106,132,14,115,94,17
5,125,127,21,156,132,17
3,124,143,13,109,104,17
3,124,143,4,107,108,17
29,225,192,5,125,127,17
5,125,127,24,179,149,17
25,171,176,15,120,101,18
9,82,84,17,123,133,18
11,92,102,19,148,123,18
12,100,87,24,179,149,18
18,140,123,23,152,177,18
12,100,87,11,92,102,18
29,225,192,28,222,206,18
11,92,102,22,160,127,18
25,171,176,14,115,94,18
26,199,177,29,225,192,18
22,160,127,7,177,189,18
14,115,94,3,124,143,18
13,109,104,5,125,127,18
5,125,127,28,222,206,18
7,177,189,13,109,104,18
5,125,127,20,140,132,18
7,177,189,19,148,123,18
3,124,143,8,79,63,18
3,124,143,9,82,84,18
4,107,108,17,123,133,18
3,124,143,29,225,192,18
9,82,84,7,177,189,18
21,156,132,25,171,176,19
22,160,127,23,152,177,19
20,140,132,29,225,192,19
11,92,102,18,140,123,19
29,225,192,26,199,177,19
29,225,192,16,136,110,19
17,123,133,9,82,84,19
19,148,123,17,123,133,19
17,123,133,4,107,108,19
21,156,132,3,124,143,19
24,179,149,1,82,119,19
22,160,127,3,124,143,19
7,177,189,3,124,143,19
1,82,119,12,100,87,19
7,177,189,18,140,123,19
25,171,176,9,82,84,20
24,179,149,16,136,110,20
21,156,132,11,92,102,20
25,171,176,19,148,123,20
17,123,133,18,140,123,20
24,179,149,20,140,132,20
12,100,87,29,225,192,20
27,189,203,14,115,94,20
13,109,104,23,152,177,20
23,152,177,18,140,123,20
16,136,110,1,82,119,20
5,125,127,29,225,192,20
3,124,143,15,120,101,20
13,109,104,7,177,189,20
2,106,132,7,177,189,20
2,106,132,20,140,132,20
2,106,132,21,156,132,20
2,106,132,19,148,123,20
8,79,63,2,106,132,20
11,92,102,21,156,132,21
15,120,101,11,92,102,21
26,199,177,26,199,177,21
15,120,101,25,171,176,21
15,120,101,23,152,177,21
12,100,87,27,189,203,21
8,79,63,16,136,110,21
17,123,133,8,79,63,21
14,115,94,29,225,192,21
14,115,94,7,177,189,21
1,82,119,24,179,149,21
5,125,127,22,160,127,21
2,106,132,13,109,104,21
14,115,94,2,106,132,21
20,140,132,3,124,143,21
2,106,132,8,79,63,21
18,140,123,7,177,189,21
7,177,189,2,106,132,21
7,177,189,9,82,84,21
19,148,123,3,124,143,21
28,222,206,11,92,102,22
22,160,127,11,92,102,22
16,136,110,24,179,149,22
13,109,104,25,171,176,22
24,179,149,30,222,222,22
20,140,132,1,82,119,22
24,179,149,29,225,192,22
16,136,110,29,225,192,22
9,82,84,2,106,132,22
3,124,143,18,140,123,22
1,82,119,16,136,110,22
1,82,119,29,225,192,22
4,107,108,3,124,143,22
5,125,127,19,148,123,22
7,177,189,1,82,119,22
24,179,149,26,199,177,23
17,123,133,19,148,123,23
27,189,203,9,82,84,23
10,90,74,7,177,189,23
9,82,84,3,124,143,23
27,189,203,1,82,119,23
8,79,63,29,225,192,23
4,107,108,27,189,203,23
1,82,119,4,107,108,23
3,124,143,7,177,189,23
26,199,177,16,136,110,24
20,140,132,26,199,177,24
26,199,177,20,140,132,24
27,189,203,6,152,156,24
8,79,63,25,171,176,24
4,107,108,2,106,132,24
5,125,127,8,79,63,24
2,106,132,4,107,108,24
4,107,108,1,82,119,24
22,160,127,25,171,176,25
17,123,133,15,120,101,25
27,189,203,22,160,127,25
11,92,102,13,109,104,25
17,123,133,22,160,127,25
12,100,87,16,136,110,25
29,225,192,24,179,149,25
21,156,132,2,106,132,25
29,225,192,20,140,132,25
18,140,123,3,124,143,25
5,125,127,30,222,222,25
3,124,143,2,106,132,25
18,140,123,25,171,176,26
17,123,133,13,109,104,26
11,92,102,15,120,101,26
18,140,123,11,92,102,26
12,100,87,14,115,94,26
24,179,149,24,179,149,26
20,140,132,16,136,110,26
30,222,222,26,199,177,26
29,225,192,8,79,63,26
5,125,127,14,115,94,26
16,136,110,26,199,177,27
29,225,192,15,120,101,27
15,120,101,27,189,203,27
13,109,104,17,123,133,27
15,120,101,17,123,133,27
30,222,222,16,136,110,27
30,222,222,27,189,203,27
29,225,192,1,82,119,27
12,100,87,1,82,119,27
22,160,127,2,106,132,27
2,106,132,15,120,101,27
2,106,132,22,160,127,27
7,177,189,10,90,74,27
29,225,192,14,115,94,27
27,189,203,15,120,101,28
16,136,110,8,79,63,28
14,115,94,26,199,177,28
25,171,176,10,90,74,28
29,225,192,9,82,84,28
16,136,110,30,222,222,28
14,115,94,12,100,87,28
30,222,222,24,179,149,28
14,115,94,16,136,110,28
13,109,104,2,106,132,28
8,79,63,1,82,119,28
9,82,84,29,225,192,28
4,107,108,26,199,177,28
10,90,74,23,152,177,29
12,100,87,20,140,132,29
9,82,84,27,189,203,29
22,160,127,17,123,133,29
13,109,104,11,92,102,29
18,140,123,27,189,203,29
19,148,123,5,125,127,29
12,100,87,26,199,177,29
26,199,177,30,222,222,29
14,115,94,20,140,132,29
13,109,104,3,124,143,29
3,124,143,22,160,127,29
2,106,132,28,222,206,29
2,106,132,18,140,123,29
1,82,119,20,140,132,29
19,148,123,27,189,203,30
12,100,87,12,100,87,30
24,179,149,12,100,87,30
22,160,127,27,189,203,30
23,152,177,15,120,101,30
24,179,149,8,79,63,30
25,171,176,18,140,123,30
20,140,132,24,179,149,30
18,140,123,17,123,133,30
27,189,203,19,148,123,30
16,136,110,16,136,110,30
12,100,87,4,107,108,30
27,189,203,8,79,63,30
30,222,222,7,177,189,30
18,140,123,5,125,127,30
7,177,189,30,222,222,30
1,82,119,15,120,101,30
2,106,132,32,255,255,30
14,115,94,27,189,203,31
15,120,101,29,225,192,31
28,222,206,29,225,192,31
13,109,104,27,189,203,31
30,222,222,20,140,132,31
10,90,74,5,125,127,31
26,199,177,6,152,156,31
8,79,63,5,125,127,31
29,225,192,30,222,222,31
6,152,156,24,179,149,31
12,100,87,30,222,222,32
31,239,222,23,152,177,32
26,199,177,15,120,101,32
30,222,222,29,225,192,32
24,179,149,6,152,156,32
12,100,87,6,152,156,32
8,79,63,26,199,177,32
14,115,94,5,125,127,32
5,125,127,18,140,123,32
6,152,156,12,100,87,32
1,82,119,8,79,63,32
2,106,132,12,100,87,32
6,152,156,27,189,203,32
6,152,156,20,140,132,32
27,189,203,18,140,123,33
26,199,177,12,100,87,33
18,140,123,26,199,177,33
7,177,189,32,255,255,33
6,152,156,26,199,177,33
27,189,203,21,156,132,34
21,156,132,27,189,203,34
17,123,133,21,156,132,34
32,255,255,2,106,132,34
19,148,123,26,199,177,34
16,136,110,9,82,84,34
16,136,110,20,140,132,34
18,140,123,2,106,132,34
14,115,94,24,179,149,34
6,152,156,16,136,110,34
2,106,132,30,222,222,34
18,140,123,16,136,110,35
25,171,176,21,156,132,35
28,222,206,27,189,203,35
26,199,177,28,222,206,35
29,225,192,22,160,127,35
32,255,255,3,124,143,35
21,156,132,1,82,119,35
22,160,127,1,82,119,35
26,199,177,4,107,108,35
6,152,156,28,222,206,35
27,189,203,28,222,206,36
20,140,132,28,222,206,36
28,222,206,16,136,110,36
16,136,110,12,100,87,36
18,140,123,29,225,192,36
24,179,149,14,115,94,36
15,120,101,12,100,87,36
14,115,94,1,82,119,36
3,124,143,10,90,74,36
30,222,222,12,100,87,37
21,156,132,29,225,192,37
11,92,102,31,239,222,37
20,140,132,20,140,132,37
24,179,149,9,82,84,37
28,222,206,1,82,119,37
1,82,119,28,222,206,37
2,106,132,3,124,143,37
26,199,177,8,79,63,38
20,140,132,12,100,87,38
20,140,132,30,222,222,39
26,199,177,9,82,84,39
24,179,149,28,222,206,39
28,222,206,30,222,222,39
16,136,110,19,148,123,39
30,222,222,28,222,206,39
13,109,104,24,179,149,39
13,109,104,29,225,192,39
9,82,84,26,199,177,39
8,79,63,12,100,87,39
29,225,192,19,148,123,39
28,222,206,24,179,149,39
16,136,110,6,152,156,39
1,82,119,21,156,132,39
1,82,119,14,115,94,39
1,82,119,7,177,189,39
25,171,176,31,239,222,40
16,136,110,14,115,94,40
26,199,177,18,140,123,40
16,136,110,28,222,206,40
20,140,132,8,79,63,40
15,120,101,6,152,156,40
14,115,94,30,222,222,40
30,222,222,2,106,132,40
2,106,132,10,90,74,40
15,120,101,1,82,119,40
5,125,127,10,90,74,40
10,90,74,25,171,176,41
24,179,149,13,109,104,41
21,156,132,17,123,133,41
28,222,206,20,140,132,41
27,189,203,10,90,74,41
15,120,101,4,107,108,41
30,222,222,14,115,94,41
10,90,74,2,106,132,41
6,152,156,7,177,189,41
17,123,133,10,90,74,42
26,199,177,19,148,123,42
8,79,63,20,140,132,42
9,82,84,20,140,132,42
10,90,74,17,123,133,42
19,148,123,12,100,87,42
26,199,177,14,115,94,42
20,140,132,14,115,94,42
8,79,63,6,152,156,42
1,82,119,19,148,123,42
3,124,143,3,124,143,42
12,100,87,8,79,63,43
18,140,123,24,179,149,43
9,82,84,30,222,222,43
9,82,84,24,179,149,43
23,152,177,31,239,222,43
15,120,101,26,199,177,43
20,140,132,9,82,84,43
28,222,206,8,79,63,43
28,222,206,6,152,156,43
10,90,74,3,124,143,43
3,124,143,32,255,255,43
5,125,127,31,239,222,43
6,152,156,5,125,127,43
12,100,87,28,222,206,44
11,92,102,10,90,74,44
19,148,123,29,225,192,44
8,79,63,24,179,149,44
19,148,123,16,136,110,44
16,136,110,4,107,108,44
30,222,222,3,124,143,44
4,107,108,12,100,87,44
4,107,108,21,156,132,44
31,239,222,17,123,133,45
27,189,203,13,109,104,45
10,90,74,11,92,102,45
13,109,104,26,199,177,45
13,109,104,1,82,119,45
32,255,255,7,177,189,45
19,148,123,1,82,119,45
1,82,119,22,160,127,45
6,152,156,19,148,123,45
4,107,108,7,177,189,45
2,106,132,9,82,84,45
18,140,123,12,100,87,46
29,225,192,18,140,123,46
8,79,63,30,222,222,46
24,179,149,4,107,108,46
7,177,189,31,239,222,46
4,107,108,20,140,132,46
16,136,110,18,140,123,47
29,225,192,21,156,132,47
31,239,222,25,171,176,47
17,123,133,31,239,222,47
9,82,84,16,136,110,47
30,222,222,19,148,123,47
30,222,222,9,82,84,47
20,140,132,6,152,156,47
21,156,132,6,152,156,47
6,152,156,13,109,104,47
6,152,156,21,156,132,47
4,107,108,16,136,110,47
1,82,119,13,109,104,47
6,152,156,29,225,192,47
22,160,127,29,225,192,48
21,156,132,26,199,177,48
24,179,149,18,140,123,48
12,100,87,19,148,123,48
31,239,222,7,177,189,48
30,222,222,8,79,63,48
18,140,123,1,82,119,48
29,225,192,6,152,156,48
29,225,192,13,109,104,48
4,107,108,29,225,192,48
1,82,119,18,140,123,48
1,82,119,9,82,84,48
15,120,101,20,140,132,49
28,222,206,4,107,108,49
7,177,189,4,107,108,49
4,107,108,28,222,206,49
12,100,87,18,140,123,50
9,82,84,12,100,87,50
31,239,222,11,92,102,50
4,107,108,9,82,84,50
13,109,104,20,140,132,51
24,179,149,19,148,123,51
14,115,94,8,79,63,51
6,152,156,15,120,101,51
30,222,222,21,156,132,52
8,79,63,14,115,94,52
28,222,206,12,100,87,52
28,222,206,14,115,94,52
28,222,206,26,199,177,52
9,82,84,28,222,206,52
10,90,74,27,189,203,52
21,156,132,4,107,108,52
31,239,222,5,125,127,52
20,140,132,4,107,108,52
22,160,127,16,136,110,53
24,179,149,22,160,127,53
12,100,87,9,82,84,53
22,160,127,26,199,177,53
29,225,192,4,107,108,53
4,107,108,24,179,149,53
24,179,149,15,120,101,54
15,120,101,24,179,149,54
10,90,74,26,199,177,54
18,140,123,20,140,132,54
7,177,189,6,152,156,54
5,125,127,5,125,127,54
19,148,123,24,179,149,55
20,140,132,13,109,104,55
21,156,132,14,115,94,55
19,148,123,8,79,63,55
15,120,101,30,222,222,55
30,222,222,15,120,101,55
9,82,84,1,82,119,55
9,82,84,4,107,108,55
6,152,156,9,82,84,55
3,124,143,30,222,222,55
32,255,255,23,152,177,56
21,156,132,12,100,87,56
23,152,177,32,255,255,56
16,136,110,13,109,104,56
30,222,222,22,160,127,56
14,115,94,19,148,123,57
8,79,63,15,120,101,57
15,120,101,8,79,63,57
14,115,94,28,222,206,57
6,152,156,3,124,143,57
6,152,156,22,160,127,57
26,199,177,22,160,127,58
13,109,104,16,136,110,58
26,199,177,21,156,132,58
13,109,104,6,152,156,58
2,106,132,2,106,132,58
9,82,84,22,160,127,59
16,136,110,15,120,101,59
22,160,127,8,79,63,59
10,90,74,29,225,192,59
13,109,104,30,222,222,59
8,79,63,4,107,108,59
5,125,127,6,152,156,59
3,124,143,6,152,156,59
21,156,132,30,222,222,60
22,160,127,12,100,87,60
27,189,203,31,239,222,60
28,222,206,15,120,101,60
30,222,222,13,109,104,60
8,79,63,19,148,123,60
14,115,94,6,152,156,60
3,124,143,31,239,222,60
4,107,108,13,109,104,60
13,109,104,12,100,87,61
19,148,123,28,222,206,61
28,222,206,28,222,206,61
12,100,87,21,156,132,61
20,140,132,19,148,123,61
4,107,108,15,120,101,61
2,106,132,6,152,156,61
6,152,156,8,79,63,61
21,156,132,24,179,149,62
19,148,123,20,140,132,62
22,160,127,30,222,222,62
26,199,177,13,109,104,62
15,120,101,16,136,110,62
8,79,63,28,222,206,62
9,82,84,14,115,94,62
19,148,123,30,222,222,62
32,255,255,5,125,127,62
20,140,132,15,120,101,63
12,100,87,13,109,104,63
22,160,127,24,179,149,64
12,100,87,15,120,101,64
8,79,63,8,79,63,64
31,239,222,27,189,203,64
5,125,127,32,255,255,64
20,140,132,21,156,132,65
24,179,149,21,156,132,65
28,222,206,19,148,123,65
8,79,63,21,156,132,65
9,82,84,8,79,63,65
18,140,123,30,222,222,65
14,115,94,9,82,84,65
14,115,94,4,107,108,65
6,152,156,14,115,94,65
13,109,104,28,222,206,66
9,82,84,6,152,156,66
6,152,156,18,140,123,66
2,106,132,31,239,222,66
12,100,87,22,160,127,67
16,136,110,21,156,132,67
22,160,127,6,152,156,67
13,109,104,4,107,108,67
16,136,110,22,160,127,68
18,140,123,28,222,206,68
19,148,123,4,107,108,68
19,148,123,6,152,156,68
22,160,127,4,107,108,69
18,140,123,6,152,156,69
15,120,101,9,82,84,70
19,148,123,9,82,84,70
14,115,94,14,115,94,70
30,222,222,30,222,222,70
29,225,192,10,90,74,71
15,120,101,14,115,94,71
18,140,123,9,82,84,71
20,140,132,22,160,127,71
8,79,63,9,82,84,71
4,107,108,8,79,63,71
21,156,132,16,136,110,72
22,160,127,20,140,132,72
14,115,94,22,160,127,72
28,222,206,9,82,84,72
19,148,123,14,115,94,72
8,79,63,18,140,123,72
10,90,74,24,179,149,73
28,222,206,18,140,123,73
30,222,222,18,140,123,73
22,160,127,14,115,94,74
13,109,104,8,79,63,74
9,82,84,9,82,84,74
14,115,94,15,120,101,74
20,140,132,18,140,123,75
31,239,222,29,225,192,75
4,107,108,19,148,123,75
19,148,123,13,109,104,76
14,115,94,18,140,123,77
28,222,206,13,109,104,77
18,140,123,14,115,94,77
1,82,119,30,222,222,77
4,107,108,22,160,127,77
1,82,119,3,124,143,77
21,156,132,20,140,132,78
9,82,84,19,148,123,79
18,140,123,8,79,63,79
19,148,123,15,120,101,79
10,90,74,16,136,110,79
28,222,206,22,160,127,79
13,109,104,14,115,94,79
32,255,255,1,82,119,79
4,107,108,18,140,123,79
22,160,127,28,222,206,80
9,82,84,15,120,101,80
19,148,123,19,148,123,81
6,152,156,2,106,132,81
32,255,255,25,171,176,82
24,179,149,10,90,74,82
30,222,222,6,152,156,82
10,90,74,1,82,119,82
31,239,222,3,124,143,82
6,152,156,30,222,222,82
21,156,132,8,79,63,83
8,79,63,22,160,127,83
16,136,110,10,90,74,83
8,79,63,13,109,104,83
31,239,222,2,106,132,83
1,82,119,10,90,74,83
2,106,132,1,82,119,83
1,82,119,32,255,255,84
4,107,108,30,222,222,84
13,109,104,9,82,84,85
32,255,255,17,123,133,86
15,120,101,28,222,206,86
18,140,123,22,160,127,86
26,199,177,10,90,74,87
21,156,132,28,222,206,87
3,124,143,1,82,119,87
25,171,176,32,255,255,88
28,222,206,21,156,132,88
1,82,119,2,106,132,89
29,225,192,31,239,222,90
30,222,222,1,82,119,90
10,90,74,12,100,87,91
32,255,255,11,92,102,92
22,160,127,15,120,101,92
18,140,123,4,107,108,94
32,255,255,27,189,203,95
14,115,94,21,156,132,95
19,148,123,18,140,123,95
4,107,108,14,115,94,95
21,156,132,9,82,84,96
22,160,127,9,82,84,96
15,120,101,19,148,123,96
5,125,127,4,107,108,96
9,82,84,21,156,132,97
20,140,132,10,90,74,97
10,90,74,20,140,132,97
13,109,104,18,140,123,97
18,140,123,13,109,104,97
30,222,222,4,107,108,97
17,123,133,32,255,255,98
31,239,222,26,199,177,98
9,82,84,18,140,123,98
15,120,101,18,140,123,98
31,239,222,24,179,149,99
18,140,123,15,120,101,99
19,148,123,21,156,132,100
30,222,222,10,90,74,100
6,152,156,10,90,74,100
14,115,94,13,109,104,101
26,199,177,31,239,222,101
22,160,127,19,148,123,103
10,90,74,6,152,156,103
12,100,87,10,90,74,105
19,148,123,22,160,127,105
18,140,123,19,148,123,105
18,140,123,18,140,123,106
22,160,127,18,140,123,107
10,90,74,28,222,206,109
19,148,123,10,90,74,109
13,109,104,19,148,123,109
1,82,119,31,239,222,109
18,140,123,21,156,132,110
10,90,74,4,107,108,110
11,92,102,32,255,255,111
12,100,87,31,239,222,111
28,222,206,10,90,74,111
10,90,74,30,222,222,111
4,107,108,5,125,127,111
9,82,84,13,109,104,112
20,140,132,31,239,222,112
16,136,110,31,239,222,114
21,156,132,13,109,104,115
21,156,132,19,148,123,116
10,90,74,14,115,94,117
13,109,104,22,160,127,118
6,152,156,1,82,119,118
21,156,132,15,120,101,119
15,120,101,22,160,127,119
14,115,94,10,90,74,119
21,156,132,18,140,123,120
15,120,101,13,109,104,120
13,109,104,21,156,132,121
31,239,222,12,100,87,121
32,255,255,29,225,192,122
31,239,222,1,82,119,122
13,109,104,15,120,101,124
13,109,104,13,109,104,124
31,239,222,16,136,110,125
15,120,101,15,120,101,125
27,189,203,32,255,255,127
1,82,119,1,82,119,127
31,239,222,14,115,94,129
4,107,108,10,90,74,130
4,107,108,6,152,156,130
1,82,119,6,152,156,131
22,160,127,13,109,104,134
6,152,156,32,255,255,134
24,179,149,31,239,222,135
32,255,255,6,152,156,136
31,239,222,8,79,63,136
32,255,255,26,199,177,137
15,120,101,21,156,132,137
31,239,222,30,222,222,137
6,152,156,4,107,108,137
9,82,84,10,90,74,140
8,79,63,31,239,222,140
29,225,192,32,255,255,145
10,90,74,19,148,123,146
21,156,132,22,160,127,147
26,199,177,32,255,255,147
8,79,63,10,90,74,150
18,140,123,10,90,74,152
31,239,222,20,140,132,154
6,152,156,6,152,156,154
30,222,222,31,239,222,156
15,120,101,10,90,74,156
10,90,74,8,79,63,156
10,90,74,9,82,84,157
32,255,255,20,140,132,158
32,255,255,24,179,149,161
22,160,127,21,156,132,161
6,152,156,31,239,222,161
22,160,127,22,160,127,162
31,239,222,28,222,206,163
4,107,108,31,239,222,163
30,222,222,32,255,255,164
32,255,255,16,136,110,166
10,90,74,15,120,101,167
32,255,255,30,222,222,168
20,140,132,32,255,255,168
31,239,222,6,152,156,170
28,222,206,31,239,222,171
4,107,108,32,255,255,171
31,239,222,4,107,108,172
21,156,132,21,156,132,174
10,90,74,18,140,123,174
32,255,255,4,107,108,174
9,82,84,31,239,222,175
32,255,255,8,79,63,176
22,160,127,10,90,74,176
14,115,94,31,239,222,177
32,255,255,14,115,94,178
10,90,74,21,156,132,180
32,255,255,12,100,87,181
13,109,104,10,90,74,182
31,239,222,9,82,84,183
10,90,74,22,160,127,186
10,90,74,13,109,104,187
19,148,123,31,239,222,189
31,239,222,19,148,123,193
14,115,94,32,255,255,195
16,136,110,32,255,255,196
21,156,132,10,90,74,205
8,79,63,32,255,255,207
18,140,123,31,239,222,209
31,239,222,15,120,101,221
31,239,222,18,140,123,222
32,255,255,18,140,123,227
24,179,149,32,255,255,230
15,120,101,31,239,222,230
32,255,255,28,222,206,231
32,255,255,9,82,84,238
13,109,104,31,239,222,238
28,222,206,32,255,255,243
32,255,255,19,148,123,245
31,239,222,13,109,104,249
31,239,222,22,160,127,249
22,160,127,31,239,222,252
12,100,87,32,255,255,282
31,239,222,21,156,132,282
21,156,132,31,239,222,282
19,148,123,32,255,255,293
18,140,123,32,255,255,302
9,82,84,32,255,255,304
32,255,255,13,109,104,321
10,90,74,10,90,74,337
32,255,255,15,120,101,342
4,107,108,4,107,108,344
13,109,104,32,255,255,364
10,90,74,31,239,222,381
31,239,222,10,90,74,381
15,120,101,32,255,255,382
32,255,255,22,160,127,406
32,255,255,21,156,132,437
21,156,132,32,255,255,531
32,255,255,10,90,74,551
31,239,222,31,239,222,562
22,160,127,32,255,255,563
32,255,255,31,239,222,614
10,90,74,32,255,255,673
31,239,222,32,255,255,752
32,255,255,32,255,255,19252
