R1,G1,B1,R2,G2,B2,Count,Norm,Norm_with_weight
122,125,26,82,79,63,1,41.103630578426994,0.11853633020917406
26,58,125,245,125,127,1,69.426241733354,5.539800590485366e-13
122,125,26,156,140,123,1,41.52345977671006,9.255768114653229
138,123,133,122,125,26,1,56.724097413032595,49.08219913050954
129,120,101,122,125,26,1,40.01560504177535,39.987410812736805
203,189,203,122,125,26,1,58.449034888195726,1.4662894656711713e-05
245,125,127,163,152,177,1,48.919168992633736,46.080387389570426
239,177,189,182,171,176,1,19.8373626646901,7.155662927085993
245,125,127,26,58,125,1,69.426241733354,5.539800590485366e-13
255,255,255,122,125,26,1,51.147485634484156,2.9241404770786355e-20
239,222,222,122,125,26,1,51.017409962588204,2.115055990570159e-12
187,179,149,122,125,26,1,34.863538698879886,0.001627433148178052
99,90,74,122,125,26,1,41.28403934436987,2.441089996091004
165,148,123,122,125,26,1,37.268471694774554,2.49092257104723
82,79,63,122,125,26,1,41.103630578426994,0.11853633020917406
122,125,26,165,148,123,1,37.268471694774554,2.49092257104723
122,125,26,147,136,110,1,36.34905998788534,15.742503420965996
122,125,26,255,255,255,1,51.147485634484156,2.9241404770786355e-20
122,125,26,222,222,206,1,42.851940740039566,2.491229582949889e-11
122,125,26,87,82,84,1,52.260821298056875,0.5322296928164734
122,125,26,239,239,222,1,42.455480037176116,1.581057997727806e-15
122,125,26,163,152,177,2,64.8450743694528,1.3221916215262364
122,125,26,131,115,94,2,38.941880656477494,37.87738111515551
122,125,26,99,90,74,2,41.28403934436987,2.441089996091004
203,189,203,163,152,177,2,6.451361971776538,0.15829440280498847
122,125,26,173,160,127,2,33.00328658635627,0.24841827039307715
156,156,132,122,125,26,2,37.876505233045954,1.1510549225931646
122,125,26,129,120,101,2,40.01560504177535,39.987410812736805
222,222,206,122,125,26,2,42.851940740039566,2.491229582949889e-11
26,58,125,211,124,143,2,50.76121397844962,3.1025337929228774e-10
120,109,104,122,125,26,2,48.03504176417074,36.726181141569846
138,123,133,104,92,102,2,0.9980863138308745,0.03898419538380884
206,199,177,138,123,133,2,17.62793903946288,7.995042947573241e-06
104,92,102,138,123,133,2,0.9980863138308745,0.03898419538380884
104,92,102,122,125,26,2,57.0019301049903,7.581408745257529
194,106,132,163,152,177,2,31.79508083823009,6.363481673617014
138,123,133,163,152,177,2,8.304814888309803,0.657355485514841
245,125,127,211,124,143,2,18.763805979776574,12.836894750470382
163,152,177,104,92,102,2,7.875854007545101,7.861317776326681e-05
239,239,222,122,125,26,2,42.455480037176116,1.581057997727806e-15
112,100,87,122,125,26,2,43.25274819870211,14.413836999986328
122,125,26,206,199,177,2,39.38105395240453,8.439231957121525e-07
122,125,26,165,140,132,2,46.81830754942373,7.070133476025439
182,171,176,182,171,176,3,0.0,0.0
203,189,203,182,171,176,3,4.854705093957376,1.7712348031805027
163,152,177,163,152,177,3,0.0,0.0
173,82,119,245,125,127,3,24.07519317049072,0.018694936384066038
239,177,189,26,58,125,3,45.32494490823153,9.458544443888414e-23
163,152,177,239,177,189,3,21.029800727224202,0.5048647543755679
194,106,132,26,58,125,3,48.90403337954027,1.2139559956376787e-06
245,125,127,182,171,176,3,46.43259893358149,29.365942947164147
239,177,189,203,189,203,3,18.663749499725846,18.663152345142443
211,124,143,138,123,133,3,29.42885855245978,6.627232164321256
182,171,176,163,152,177,3,11.147774606697826,4.769746006137008
104,92,102,239,177,189,3,18.71120114972452,9.113391389693683e-12
245,125,127,173,82,119,3,24.07519317049072,0.018694936384066038
163,152,177,138,123,133,3,8.304814888309803,0.657355485514841
182,171,176,239,225,192,3,19.7522211778896,0.016185957119821747
104,92,102,245,125,127,3,46.08884654770449,8.244731181073808e-05
239,177,189,138,123,133,3,17.75571651142952,7.190209964771463e-05
239,177,189,163,152,177,3,21.029800727224202,0.5048647543755679
156,140,123,122,125,26,4,41.52345977671006,9.255768114653229
26,58,125,194,106,132,4,48.90403337954027,1.2139559956376787e-06
182,171,176,104,92,102,4,3.4197488915380143,2.8105814659739445e-08
163,152,177,182,171,176,4,11.147774606697826,4.769746006137008
211,124,143,182,171,176,4,31.655110685199613,5.947946351987294
194,106,132,138,123,133,4,30.693552150921185,27.630564153910793
239,177,189,104,92,102,4,18.71120114972452,9.113391389693683e-12
245,125,127,194,106,132,4,20.600416243786903,2.0887317788840636
163,152,177,211,124,143,4,31.473186703339497,27.41349834205194
163,152,177,245,125,127,4,48.919168992633736,46.080387389570426
138,123,133,211,124,143,4,29.42885855245978,6.627232164321256
173,160,127,122,125,26,5,33.00328658635627,0.24841827039307715
138,123,133,173,82,119,5,33.69997509816155,16.673759352113198
182,171,176,206,199,177,5,14.403440725072972,2.60405106943742
26,58,125,239,177,189,5,45.32494490823153,9.458544443888414e-23
206,199,177,163,152,177,5,25.53685833034604,0.17742039174578506
211,124,143,26,58,125,5,50.76121397844962,3.1025337929228774e-10
182,171,176,203,189,203,5,4.854705093957376,1.7712348031805027
239,177,189,112,100,87,5,22.724050093721072,5.066658007461549e-10
112,100,87,245,125,127,5,44.97122357357603,0.0010497234017118697
104,92,102,182,171,176,6,3.4197488915380143,2.8105814659739445e-08
104,92,102,104,92,102,6,0.0,0.0
104,92,102,163,152,177,6,7.875854007545101,7.861317776326681e-05
163,152,177,206,199,177,6,25.53685833034604,0.17742039174578506
104,92,102,239,225,192,6,22.997094492022807,1.5814119428587402e-20
163,152,177,239,222,222,6,13.974152782988005,3.8485285904818146e-05
239,225,192,138,123,133,6,22.69161997250523,5.050841052813584e-11
182,171,176,245,125,127,6,46.43259893358149,29.365942947164147
203,189,203,211,124,143,6,30.160158080013357,0.15408055280508393
247,152,156,26,58,125,6,58.70791660377161,6.540696184636343e-18
138,123,133,182,171,176,6,3.52876935103689,0.0063509699522209615
194,106,132,104,92,102,6,31.573301483182984,0.34533497243309075
245,125,127,203,189,203,6,46.2779974285321,2.742534050637738
138,123,133,239,177,189,6,17.75571651142952,7.190209964771463e-05
206,199,177,239,177,189,6,27.136573701601762,24.830071439088762
163,152,177,173,82,119,6,33.45937116595612,0.09057481181170758
245,125,127,239,177,189,6,27.919157764585417,1.6233300066591103
173,82,119,182,171,176,6,36.53723016916709,0.00047933750349342104
122,125,26,156,156,132,6,37.876505233045954,1.1510549225931646
203,189,203,138,123,133,7,1.92803280962686,8.124876028809854e-06
182,171,176,138,123,133,7,3.52876935103689,0.0063509699522209615
138,123,133,194,106,132,7,30.693552150921185,27.630564153910793
138,123,133,138,123,133,7,0.0,0.0
165,140,132,163,152,177,7,19.31699209074506,13.508062712659735
187,179,149,194,106,132,7,42.79683480763134,0.10414896352991249
147,136,110,239,177,189,7,27.60238830344338,0.0036298540185811653
182,171,176,165,140,132,7,9.488314643363918,0.942986014658792
104,92,102,206,199,177,7,17.77897534798119,3.3154065882802737e-13
104,92,102,187,179,149,7,22.189261751958323,1.7509253373740694e-08
233,107,108,26,58,125,7,73.44478716064192,2.292138019656827e-09
194,106,132,203,189,203,7,31.2168966501411,0.001159408758822768
245,125,127,104,92,102,7,46.08884654770449,8.244731181073808e-05
182,171,176,239,177,189,7,19.8373626646901,7.155662927085993
211,124,143,163,152,177,7,31.473186703339497,27.41349834205194
239,225,192,239,177,189,7,28.966991790170137,1.865494543988426
173,82,119,138,123,133,7,33.69997509816155,16.673759352113198
138,123,133,165,140,132,8,11.104204904024888,4.129916801871747
163,152,177,147,136,110,8,28.51230044092918,9.304468767766998
112,100,87,138,123,133,8,13.472931069892503,1.749949973113593
147,136,110,104,92,102,8,20.65612282882562,0.08849933744260348
187,179,149,182,171,176,8,18.852021682210573,17.587495315876772
163,152,177,239,225,192,8,30.86375470774179,7.957411726494018e-05
239,222,222,104,92,102,8,6.114931086181404,4.7812586815304444e-21
112,100,87,163,152,177,8,21.631226803306852,0.002348656235672267
182,171,176,194,106,132,8,33.2021637309816,0.2746225046412025
138,123,133,147,136,110,8,20.378960680239555,15.316791697718845
104,92,102,211,124,143,8,30.356052120216575,0.0032868731627381294
203,189,203,245,125,127,8,46.2779974285321,2.742534050637738
163,152,177,194,106,132,8,31.79508083823009,6.363481673617014
211,124,143,147,136,110,8,37.86587201853823,23.632468793307133
163,152,177,112,100,87,8,21.631226803306852,0.002348656235672267
173,82,119,26,58,125,8,46.75435724213326,0.005066528612041709
206,199,177,245,125,127,8,48.03972594438762,0.935182773705502
194,106,132,147,136,110,8,40.70240498769143,38.944236240508026
206,199,177,211,124,143,8,38.01257239970277,0.043876861776739114
173,82,119,163,152,177,8,33.45937116595612,0.09057481181170758
239,177,189,206,199,177,8,27.136573701601762,24.830071439088762
194,106,132,245,125,127,8,20.600416243786903,2.0887317788840636
187,179,149,163,152,177,8,29.9995994724339,7.368669465349688
163,152,177,187,179,149,8,29.9995994724339,7.368669465349688
187,179,149,138,123,133,9,21.975792987331474,0.00980902256791939
104,92,102,203,189,203,9,1.4512540581997222,7.507029468891675e-13
203,189,203,104,92,102,9,1.4512540581997222,7.507029468891675e-13
163,152,177,165,140,132,9,19.31699209074506,13.508062712659735
138,123,133,206,199,177,9,17.62793903946288,7.995042947573241e-06
239,225,192,203,189,203,9,24.43887585851895,1.5446186390202763
147,136,110,182,171,176,9,17.38390769559262,0.3453128244644093
182,171,176,247,152,156,9,34.28450595124277,32.492134601900524
182,171,176,211,124,143,9,31.655110685199613,5.947946351987294
104,92,102,194,106,132,9,31.573301483182984,0.34533497243309075
87,82,84,245,125,127,9,48.25556512724667,2.6963418491903223e-07
138,123,133,239,225,192,9,22.69161997250523,5.050841052813584e-11
245,125,127,206,199,177,9,48.03972594438762,0.935182773705502
187,179,149,239,177,189,9,29.701656002819767,17.01784936257892
203,189,203,239,225,192,9,24.43887585851895,1.5446186390202763
182,171,176,173,82,119,9,36.53723016916709,0.00047933750349342104
211,124,143,245,125,127,9,18.763805979776574,12.836894750470382
104,92,102,233,107,108,9,50.12589276021611,0.014157848453690084
26,58,125,233,107,108,9,73.44478716064192,2.292138019656827e-09
112,100,87,182,171,176,10,10.539164559548853,1.8703483267506756e-06
187,179,149,203,189,203,10,23.64013489361043,13.65924472806011
239,222,222,182,171,176,10,3.383480498135671,0.0029118238029503586
182,171,176,239,222,222,10,3.383480498135671,0.0029118238029503586
222,222,206,182,171,176,10,11.786921514149977,0.03480765522267292
203,189,203,187,179,149,10,23.64013489361043,13.65924472806011
147,136,110,138,123,133,10,20.378960680239555,15.316791697718845
138,123,133,203,189,203,10,1.92803280962686,8.124876028809854e-06
165,140,132,182,171,176,10,9.488314643363918,0.942986014658792
131,115,94,138,123,133,10,17.92407105644238,13.290733283725213
138,123,133,239,222,222,10,5.717177688054092,1.3997811149837585e-11
104,92,102,82,79,63,10,16.33487162357002,6.032753909792433
239,225,192,112,100,87,10,9.233512306251878,9.968122779193894e-19
104,92,102,173,82,119,10,34.49867981081793,13.676362078060553
131,115,94,182,171,176,10,15.21409458713678,0.0012983744388133153
211,124,143,187,179,149,10,39.94743422872172,3.542625485613213
245,125,127,138,123,133,10,45.09573559751117,1.543186181965075
104,92,102,131,115,94,10,18.315792813594726,3.802220061426323
239,177,189,187,179,149,10,29.701656002819767,17.01784936257892
211,124,143,104,92,102,10,30.356052120216575,0.0032868731627381294
247,152,156,182,171,176,10,34.28450595124277,32.492134601900524
211,124,143,206,199,177,10,38.01257239970277,0.043876861776739114
104,92,102,165,140,132,11,11.769198883649777,0.004757598351767222
206,199,177,104,92,102,11,17.77897534798119,3.3154065882802737e-13
26,58,125,247,152,156,11,58.70791660377161,6.540696184636343e-18
163,152,177,203,189,203,11,6.451361971776538,0.15829440280498847
203,189,203,203,189,203,11,0.0,0.0
203,189,203,165,140,132,11,13.03033374922239,0.022343439723895867
239,225,192,182,171,176,11,19.7522211778896,0.016185957119821747
163,152,177,233,107,108,11,53.06579901728856,39.87157158157537
147,136,110,163,152,177,11,28.51230044092918,9.304468767766998
165,148,123,182,171,176,11,16.884566429101316,3.5432725789571338
147,136,110,245,125,127,11,46.49325482900561,8.518201586670568
247,152,156,163,152,177,11,36.65483537473876,9.697731383277794
147,136,110,211,124,143,11,37.86587201853823,23.632468793307133
247,152,156,104,92,102,11,33.808680488528275,3.5651470672452486e-08
245,125,127,147,136,110,11,46.49325482900561,8.518201586670568
239,177,189,147,136,110,11,27.60238830344338,0.0036298540185811653
239,177,189,173,160,127,11,29.646110678456377,1.6872336318955827
104,92,102,247,152,156,11,33.808680488528275,3.5651470672452486e-08
211,124,143,112,100,87,11,33.86066787566867,0.030246393735670375
239,225,192,194,106,132,11,41.791009089590446,2.4083616387659586e-09
211,124,143,203,189,203,11,30.160158080013357,0.15408055280508393
165,140,132,138,123,133,12,11.104204904024888,4.129916801871747
203,189,203,112,100,87,12,15.205969716734993,3.585652681709206e-10
87,82,84,182,171,176,12,2.4930202509878554,2.4102543457231425e-11
165,148,123,163,152,177,12,27.873420853292217,25.02779215914961
187,179,149,104,92,102,12,22.189261751958323,1.7509253373740694e-08
156,156,132,239,177,189,12,30.194906408953397,0.4801404785526319
182,171,176,187,179,149,12,18.852021682210573,17.587495315876772
182,171,176,233,107,108,12,50.38601802173026,6.047416146747304
112,100,87,211,124,143,12,33.86066787566867,0.030246393735670375
131,115,94,163,152,177,12,26.1870745809861,0.2692551589532579
239,177,189,156,156,132,12,30.194906408953397,0.4801404785526319
239,177,189,245,125,127,12,27.919157764585417,1.6233300066591103
233,107,108,182,171,176,12,50.38601802173026,6.047416146747304
233,107,108,104,92,102,12,50.12589276021611,0.014157848453690084
233,107,108,163,152,177,12,53.06579901728856,39.87157158157537
163,152,177,247,152,156,12,36.65483537473876,9.697731383277794
203,189,203,194,106,132,12,31.2168966501411,0.001159408758822768
147,136,110,194,106,132,12,40.70240498769143,38.944236240508026
222,222,206,163,152,177,12,22.620812812676864,0.00033463403257204033
187,179,149,245,125,127,12,48.30771291906088,19.95097611733896
211,124,143,222,222,206,12,38.92264192790271,4.205778473501004e-05
203,189,203,239,222,222,13,7.5228887797870305,0.4902017537332401
104,92,102,222,222,206,13,15.197144524823274,3.324804848042743e-19
182,171,176,222,222,206,13,11.786921514149977,0.03480765522267292
203,189,203,206,199,177,13,19.22944479277782,17.535231062169608
206,199,177,187,179,149,13,4.557465520818561,1.5313610673282176
163,152,177,87,82,84,13,12.827702799092561,5.691040491143937e-07
255,255,255,163,152,177,13,14.562148591417776,1.6415973572800955e-10
156,156,132,245,125,127,13,50.8748583126113,45.06063946592786
222,222,206,138,123,133,13,15.260490087283156,4.354486028335576e-10
138,123,133,245,125,127,13,45.09573559751117,1.543186181965075
222,222,206,239,177,189,13,27.52994303570717,3.837793764472748
165,140,132,239,177,189,13,16.936889099869934,0.028223795748349195
194,106,132,182,171,176,13,33.2021637309816,0.2746225046412025
163,152,177,82,79,63,13,23.982606509111054,1.0111820682196137e-07
239,177,189,239,225,192,13,28.966991790170137,1.865494543988426
203,189,203,233,107,108,13,50.34432124926673,0.11841170242279363
245,125,127,112,100,87,13,44.97122357357603,0.0010497234017118697
187,179,149,211,124,143,13,39.94743422872172,3.542625485613213
138,123,133,247,152,156,13,32.81857025130972,0.01745915247750009
165,140,132,203,189,203,13,13.03033374922239,0.022343439723895867
239,177,189,222,222,206,13,27.52994303570717,3.837793764472748
129,120,101,211,124,143,13,36.6065725042683,3.065297652138968
239,177,189,239,177,189,13,0.0,0.0
211,124,143,131,115,94,13,34.57310553161282,1.518545653494652
82,79,63,239,177,189,13,27.073953765385447,1.1796426084976468e-16
104,92,102,147,136,110,14,20.65612282882562,0.08849933744260348
138,123,133,112,100,87,14,13.472931069892503,1.749949973113593
206,199,177,182,171,176,14,14.403440725072972,2.60405106943742
203,189,203,147,136,110,14,22.101794648523324,0.003006377629819283
239,225,192,104,92,102,14,22.997094492022807,1.5814119428587402e-20
147,136,110,203,189,203,14,22.101794648523324,0.003006377629819283
165,140,132,104,92,102,14,11.769198883649777,0.004757598351767222
163,152,177,173,160,127,14,31.92007914910062,30.159822376356235
138,123,133,222,222,206,14,15.260490087283156,4.354486028335576e-10
163,152,177,120,109,104,14,16.81302060885704,0.03392965613868331
138,123,133,187,179,149,14,21.975792987331474,0.00980902256791939
26,58,125,173,82,119,14,46.75435724213326,0.005066528612041709
239,222,222,138,123,133,14,5.717177688054092,1.3997811149837585e-11
163,152,177,222,222,206,14,22.620812812676864,0.00033463403257204033
112,100,87,239,177,189,14,22.724050093721072,5.066658007461549e-10
239,177,189,82,79,63,14,27.073953765385447,1.1796426084976468e-16
82,79,63,104,92,102,14,16.33487162357002,6.032753909792433
239,177,189,165,140,132,14,16.936889099869934,0.028223795748349195
211,124,143,156,156,132,14,41.085379730412235,38.242967900249496
165,140,132,194,106,132,14,30.532316245448225,19.48236206416124
194,106,132,206,199,177,14,40.61700494715008,0.00019769744791794795
239,177,189,129,120,101,14,25.75862565528529,7.601869056693062e-06
173,82,119,206,199,177,14,45.221338974145,1.6663162329531336e-08
211,124,143,165,148,123,14,35.51541294939703,35.44838904845441
163,152,177,99,90,74,15,23.561084719917545,3.7281275074909124e-05
104,92,102,112,100,87,15,13.763614776328884,11.984184629218769
182,171,176,112,100,87,15,10.539164559548853,1.8703483267506756e-06
104,92,102,239,222,222,15,6.114931086181404,4.7812586815304444e-21
87,82,84,104,92,102,15,5.597498033946802,3.326609375941849
173,160,127,245,125,127,15,46.60199916047574,46.600129481125435
182,171,176,147,136,110,15,17.38390769559262,0.3453128244644093
82,79,63,211,124,143,15,38.22431108965673,3.6708463492139533e-06
165,148,123,239,177,189,15,25.451369098670877,0.15446740039715312
245,125,127,129,120,101,15,46.70273935829498,0.38425106463866715
173,82,119,203,189,203,15,33.932175360027,1.9336791279731975e-07
245,125,127,87,82,84,15,48.25556512724667,2.6963418491903223e-07
163,152,177,131,115,94,15,26.1870745809861,0.2692551589532579
182,171,176,173,160,127,16,20.815024871888124,13.051380533902842
104,92,102,87,82,84,16,5.597498033946802,3.326609375941849
222,222,206,194,106,132,16,41.238478949721575,2.5866154709960478e-08
82,79,63,138,123,133,16,16.271168530825843,0.006448901710763676
131,115,94,104,92,102,16,18.315792813594726,3.802220061426323
165,140,132,245,125,127,16,39.94286331428893,19.638758907134573
239,222,222,163,152,177,16,13.974152782988005,3.8485285904818146e-05
112,100,87,194,106,132,16,36.3264582587555,1.6817994957192717
182,171,176,82,79,63,16,12.922755272170624,7.131023177284327e-12
82,79,63,203,189,203,16,17.776613579432084,8.319508971715865e-17
222,222,206,245,125,127,16,50.36005759590602,0.0035844360208224127
206,199,177,194,106,132,16,40.61700494715008,0.00019769744791794795
173,82,119,104,92,102,16,34.49867981081793,13.676362078060553
138,123,133,131,115,94,16,17.92407105644238,13.290733283725213
211,124,143,165,140,132,16,28.098230820184707,26.693560953234048
206,199,177,173,82,119,16,45.221338974145,1.6663162329531336e-08
194,106,132,187,179,149,16,42.79683480763134,0.10414896352991249
194,106,132,239,225,192,16,41.791009089590446,2.4083616387659586e-09
239,225,192,211,124,143,16,38.832269599179554,6.062213963551128e-06
82,79,63,163,152,177,16,23.982606509111054,1.0111820682196137e-07
239,177,189,131,115,94,16,24.24513568795286,1.5427796559596687e-06
206,199,177,203,189,203,17,19.22944479277782,17.535231062169608
163,152,177,156,156,132,17,27.49007855089902,27.195117610893096
182,171,176,120,109,104,17,5.687793746775566,4.983596328142657e-05
163,152,177,165,148,123,17,27.873420853292217,25.02779215914961
156,156,132,163,152,177,17,27.49007855089902,27.195117610893096
165,148,123,104,92,102,17,20.000999193283427,0.00166225095990927
87,82,84,163,152,177,17,12.827702799092561,5.691040491143937e-07
239,225,192,239,225,192,17,0.0,0.0
165,148,123,194,106,132,17,38.40399099036519,15.866018363495415
222,222,206,211,124,143,17,38.92264192790271,4.205778473501004e-05
129,120,101,194,106,132,17,39.21961031890704,24.76359864273018
129,120,101,239,177,189,17,25.75862565528529,7.601869056693062e-06
129,120,101,245,125,127,17,46.70273935829498,0.38425106463866715
239,222,222,245,125,127,17,44.1440497642776,0.000658808950558896
247,152,156,138,123,133,17,32.81857025130972,0.01745915247750009
245,125,127,120,109,104,17,45.53863764486073,0.025603943974824527
194,106,132,131,115,94,17,37.375427043437995,17.499422197443362
245,125,127,156,156,132,17,50.8748583126113,45.06063946592786
211,124,143,120,109,104,17,32.62900358512939,0.365300936493822
211,124,143,233,107,108,17,22.871697586961808,22.271668433990907
239,225,192,245,125,127,17,46.514894965853884,0.0006528121103050453
245,125,127,187,179,149,17,48.30771291906088,19.95097611733896
182,171,176,129,120,101,18,13.684954853004275,0.0036678471156525957
87,82,84,138,123,133,18,5.917755939706441,0.010223378724675195
104,92,102,165,148,123,18,20.000999193283427,0.00166225095990927
112,100,87,187,179,149,18,8.580308151614833,1.778689391944827e-07
138,123,133,255,255,255,18,8.31258340257522,8.411800599281172e-19
156,140,123,163,152,177,18,23.518718671227695,13.444038579731599
112,100,87,104,92,102,18,13.763614776328884,11.984184629218769
239,225,192,222,222,206,18,10.309000652395401,9.67279858810819
104,92,102,173,160,127,18,24.05081983922057,4.50513280985019e-05
182,171,176,131,115,94,18,15.21409458713678,0.0012983744388133153
206,199,177,239,225,192,18,6.0551480003682014,0.9575355331325325
173,160,127,239,177,189,18,29.646110678456377,1.6872336318955827
131,115,94,211,124,143,18,34.57310553161282,1.518545653494652
120,109,104,245,125,127,18,45.53863764486073,0.025603943974824527
245,125,127,222,222,206,18,50.36005759590602,0.0035844360208224127
239,177,189,120,109,104,18,20.97375440212919,6.735806188243273e-08
245,125,127,165,140,132,18,39.94286331428893,19.638758907134573
239,177,189,165,148,123,18,25.451369098670877,0.15446740039715312
211,124,143,82,79,63,18,38.22431108965673,3.6708463492139533e-06
211,124,143,87,82,84,18,33.90076573221732,2.7889257253060498e-05
233,107,108,138,123,133,18,49.1308340057196,16.042974934810918
211,124,143,239,225,192,18,38.832269599179554,6.062213963551128e-06
87,82,84,239,177,189,18,22.070383205331648,2.945942729912358e-15
156,156,132,182,171,176,19,16.494429715422008,5.765497086764033
173,160,127,163,152,177,19,31.92007914910062,30.159822376356235
165,140,132,239,225,192,19,13.237472063509056,3.2678118518237406e-07
104,92,102,156,140,123,19,15.644795730390975,0.014284814475544293
239,225,192,206,199,177,19,6.0551480003682014,0.9575355331325325
239,225,192,147,136,110,19,2.414326171616784,1.02448636183409e-09
138,123,133,87,82,84,19,5.917755939706441,0.010223378724675195
182,171,176,255,255,255,19,4.977240009424913,2.5033007663841207e-07
165,148,123,138,123,133,19,19.61276439443594,3.964462715109812
138,123,133,233,107,108,19,49.1308340057196,16.042974934810918
156,156,132,211,124,143,19,41.085379730412235,38.242967900249496
187,179,149,173,82,119,19,47.68884525098107,9.972365783498254e-05
173,160,127,211,124,143,19,39.33530108625828,27.12025968436542
239,177,189,211,124,143,19,11.830507669864561,0.058886740644292536
173,82,119,112,100,87,19,40.79026418814986,28.80505688439152
239,177,189,156,140,123,19,22.787256282961486,0.017407356498531184
182,171,176,87,82,84,20,2.4930202509878554,2.4102543457231425e-11
187,179,149,147,136,110,20,2.101017850369189,0.013717109837811707
156,156,132,104,92,102,20,19.912670961413763,0.0003978987522858193
182,171,176,165,148,123,20,16.884566429101316,3.5432725789571338
138,123,133,156,140,123,20,15.269792235278938,7.4801849726496
163,152,177,255,255,255,20,14.562148591417776,1.6415973572800955e-10
255,255,255,182,171,176,20,4.977240009424913,2.5033007663841207e-07
187,179,149,165,140,132,20,13.363461152079475,0.5563110536278113
112,100,87,239,225,192,20,9.233512306251878,9.968122779193894e-19
203,189,203,131,115,94,20,19.736177772320833,1.3150074055776642e-06
120,109,104,163,152,177,20,16.81302060885704,0.03392965613868331
163,152,177,156,140,123,20,23.518718671227695,13.444038579731599
147,136,110,173,82,119,20,45.587948692315734,6.916562075101644
245,125,127,239,225,192,20,46.514894965853884,0.0006528121103050453
211,124,143,129,120,101,20,36.6065725042683,3.065297652138968
120,109,104,239,177,189,20,20.97375440212919,6.735806188243273e-08
194,106,132,239,177,189,20,13.738432110868848,0.0004921280324210062
194,106,132,165,140,132,20,30.532316245448225,19.48236206416124
194,106,132,156,156,132,20,43.690480135245544,11.258011931728069
194,106,132,165,148,123,20,38.40399099036519,15.866018363495415
82,79,63,194,106,132,20,40.69220196945669,0.0023642803569069674
104,92,102,156,156,132,21,19.912670961413763,0.0003978987522858193
129,120,101,104,92,102,21,17.008697118327014,2.096391158538864
206,199,177,206,199,177,21,0.0,0.0
129,120,101,182,171,176,21,13.684954853004275,0.0036678471156525957
129,120,101,163,152,177,21,24.831653880588604,0.5618416116305721
112,100,87,203,189,203,21,15.205969716734993,3.585652681709206e-10
82,79,63,147,136,110,21,5.791331848272115,8.665088278274295e-05
138,123,133,82,79,63,21,16.271168530825843,0.006448901710763676
131,115,94,239,225,192,21,5.084596139669937,2.906467814894089e-14
131,115,94,239,177,189,21,24.24513568795286,1.5427796559596687e-06
173,82,119,187,179,149,21,47.68884525098107,9.972365783498254e-05
245,125,127,173,160,127,21,46.60199916047574,46.600129481125435
194,106,132,120,109,104,21,34.70853609585082,7.782453667692168
131,115,94,194,106,132,21,37.375427043437995,17.499422197443362
165,140,132,211,124,143,21,28.098230820184707,26.693560953234048
194,106,132,82,79,63,21,40.69220196945669,0.0023642803569069674
156,140,123,239,177,189,21,22.787256282961486,0.017407356498531184
239,177,189,194,106,132,21,13.738432110868848,0.0004921280324210062
239,177,189,87,82,84,21,22.070383205331648,2.945942729912358e-15
165,148,123,211,124,143,21,35.51541294939703,35.44838904845441
222,222,206,104,92,102,22,15.197144524823274,3.324804848042743e-19
173,160,127,104,92,102,22,24.05081983922057,4.50513280985019e-05
147,136,110,187,179,149,22,2.101017850369189,0.013717109837811707
120,109,104,182,171,176,22,5.687793746775566,4.983596328142657e-05
187,179,149,239,222,222,22,16.331593456126544,0.05317590109835341
165,140,132,173,82,119,22,35.01289314511743,1.2146980526316815
187,179,149,239,225,192,22,2.2756654465520607,0.0070896146857616265
147,136,110,239,225,192,22,2.414326171616784,1.02448636183409e-09
87,82,84,194,106,132,22,35.54301159207921,0.010770466091434318
211,124,143,156,140,123,22,33.5630910616093,29.13343272857022
173,82,119,147,136,110,22,45.587948692315734,6.916562075101644
173,82,119,239,225,192,22,46.81750675550621,8.67381173386522e-15
233,107,108,211,124,143,22,22.871697586961808,22.271668433990907
245,125,127,165,148,123,22,44.01809762786287,31.71093377898234
239,177,189,173,82,119,22,18.084770619896393,9.809917866295119e-08
187,179,149,206,199,177,23,4.557465520818561,1.5313610673282176
138,123,133,165,148,123,23,19.61276439443594,3.964462715109812
203,189,203,87,82,84,23,6.929370528190967,9.90372820533691e-16
99,90,74,239,177,189,23,24.78326245475274,6.974059291542357e-13
87,82,84,211,124,143,23,33.90076573221732,2.7889257253060498e-05
203,189,203,173,82,119,23,33.932175360027,1.9336791279731975e-07
82,79,63,239,225,192,23,8.090461911782153,1.825214496606903e-27
233,107,108,203,189,203,23,50.34432124926673,0.11841170242279363
173,82,119,233,107,108,23,27.702855378029668,0.758646278554015
211,124,143,239,177,189,23,11.830507669864561,0.058886740644292536
206,199,177,147,136,110,24,3.7423804235230707,7.579503012836802e-05
255,255,255,104,92,102,24,7.877355843272896,1.4098177797712471e-30
165,140,132,206,199,177,24,10.242774953352631,0.00345835161142088
206,199,177,165,140,132,24,10.242774953352631,0.00345835161142088
203,189,203,247,152,156,24,33.968855482883825,18.705837266688672
82,79,63,182,171,176,24,12.922755272170624,7.131023177284327e-12
233,107,108,194,106,132,24,24.557699019477067,14.335242495523664
245,125,127,82,79,63,24,48.965851580383905,2.2711771244941098e-08
194,106,132,233,107,108,24,24.557699019477067,14.335242495523664
233,107,108,173,82,119,24,27.702855378029668,0.758646278554015
173,160,127,182,171,176,25,20.815024871888124,13.051380533902842
138,123,133,129,120,101,25,16.792050844377872,14.8158295792025
203,189,203,173,160,127,25,25.49110083394187,1.4787684512983703
104,92,102,120,109,104,25,8.972595590690528,3.975490647487267
138,123,133,173,160,127,25,23.73603981438936,0.8313443220723222
112,100,87,147,136,110,25,6.9061371869014865,0.14644294462965537
104,92,102,255,255,255,25,7.877355843272896,1.4098177797712471e-30
239,225,192,187,179,149,25,2.2756654465520607,0.0070896146857616265
156,156,132,194,106,132,25,43.690480135245544,11.258011931728069
239,225,192,165,140,132,25,13.237472063509056,3.2678118518237406e-07
156,140,123,211,124,143,25,33.5630910616093,29.13343272857022
245,125,127,239,222,222,25,44.1440497642776,0.000658808950558896
211,124,143,194,106,132,25,3.653999458774575,1.635057738177894
156,140,123,182,171,176,26,12.53327759852236,0.7726647757162539
138,123,133,120,109,104,26,8.771416691198175,3.9124997913703643
104,92,102,129,120,101,26,17.008697118327014,2.096391158538864
255,255,255,203,189,203,26,9.10572700499818,0.0006285958218356244
156,140,123,104,92,102,26,15.644795730390975,0.014284814475544293
112,100,87,131,115,94,26,4.811147217374205,2.2108636040362506
187,179,149,187,179,149,26,0.0,0.0
165,140,132,147,136,110,26,11.348391887002336,9.182884282635142
239,222,222,206,199,177,26,12.090262568115879,1.9601430189369469
239,225,192,82,79,63,26,8.090461911782153,1.825214496606903e-27
245,125,127,131,115,94,26,43.7381426687269,0.14880154264309353
147,136,110,206,199,177,27,3.7423804235230707,7.579503012836802e-05
239,225,192,129,120,101,27,6.215714099051788,3.1230939639533957e-13
129,120,101,203,189,203,27,18.45919545586952,5.691777838897565e-06
120,109,104,138,123,133,27,8.771416691198175,3.9124997913703643
129,120,101,138,123,133,27,16.792050844377872,14.8158295792025
239,222,222,147,136,110,27,14.683026037480007,6.786304146167127e-09
239,222,222,203,189,203,27,7.5228887797870305,0.4902017537332401
239,225,192,173,82,119,27,46.81750675550621,8.67381173386522e-15
112,100,87,173,82,119,27,40.79026418814986,28.80505688439152
255,255,255,138,123,133,27,8.31258340257522,8.411800599281172e-19
173,160,127,194,106,132,27,42.342722002058245,4.376141980982995
194,106,132,255,255,255,27,37.974997515442396,2.5207175945130804e-16
194,106,132,129,120,101,27,39.21961031890704,24.76359864273018
194,106,132,173,160,127,27,42.342722002058245,4.376141980982995
239,177,189,99,90,74,27,24.78326245475274,6.974059291542357e-13
239,225,192,131,115,94,27,5.084596139669937,2.906467814894089e-14
203,189,203,129,120,101,28,18.45919545586952,5.691777838897565e-06
147,136,110,82,79,63,28,5.791331848272115,8.665088278274295e-05
131,115,94,206,199,177,28,4.510162451255916,2.320144269541591e-08
182,171,176,99,90,74,28,12.417166253992358,9.994949934761825e-09
239,225,192,87,82,84,28,18.551447448148036,3.2057679706318576e-25
147,136,110,239,222,222,28,14.683026037480007,6.786304146167127e-09
131,115,94,112,100,87,28,4.811147217374205,2.2108636040362506
239,222,222,187,179,149,28,16.331593456126544,0.05317590109835341
131,115,94,147,136,110,28,3.3573061580250236,1.042929646101335
120,109,104,194,106,132,28,34.70853609585082,7.782453667692168
82,79,63,173,82,119,28,45.126943626715935,0.968588643133309
87,82,84,239,225,192,28,18.551447448148036,3.2057679706318576e-25
233,107,108,206,199,177,28,51.44091009114783,0.024759217638187354
99,90,74,163,152,177,29,23.561084719917545,3.7281275074909124e-05
112,100,87,165,140,132,29,5.795598147631567,0.016330213454732647
87,82,84,203,189,203,29,6.929370528190967,9.90372820533691e-16
173,160,127,138,123,133,29,23.73603981438936,0.8313443220723222
120,109,104,104,92,102,29,8.972595590690528,3.975490647487267
156,140,123,203,189,203,29,17.069290811368614,0.013440170245622544
165,148,123,245,125,127,29,44.01809762786287,31.71093377898234
112,100,87,206,199,177,29,4.654972697241434,4.960496477188168e-12
206,199,177,239,222,222,29,12.090262568115879,1.9601430189369469
131,115,94,165,140,132,29,8.155233721099869,0.7578664321775753
120,109,104,211,124,143,29,32.62900358512939,0.365300936493822
211,124,143,173,160,127,29,39.33530108625828,27.12025968436542
194,106,132,222,222,206,29,41.238478949721575,2.5866154709960478e-08
194,106,132,156,140,123,29,36.19670191722585,27.605768874284095
173,82,119,165,140,132,29,35.01289314511743,1.2146980526316815
165,148,123,203,189,203,30,21.422871290435204,0.13337975301995147
112,100,87,112,100,87,30,0.0,0.0
187,179,149,112,100,87,30,8.580308151614833,1.778689391944827e-07
173,160,127,203,189,203,30,25.49110083394187,1.4787684512983703
163,152,177,129,120,101,30,24.831653880588604,0.5618416116305721
187,179,149,82,79,63,30,6.456887913249872,2.0217009030452556e-13
182,171,176,156,140,123,30,12.53327759852236,0.7726647757162539
165,140,132,187,179,149,30,13.363461152079475,0.5563110536278113
156,140,123,138,123,133,30,15.269792235278938,7.4801849726496
203,189,203,165,148,123,30,21.422871290435204,0.13337975301995147
147,136,110,147,136,110,30,0.0,0.0
112,100,87,233,107,108,30,48.54167884354477,0.10018348095151448
203,189,203,82,79,63,30,17.776613579432084,8.319508971715865e-17
239,222,222,239,177,189,30,18.49024655642166,1.227547297838124
156,140,123,245,125,127,30,43.82492600191353,16.370196800648362
239,177,189,255,255,255,30,24.44597689157064,0.0017476647735564937
239,177,189,239,222,222,30,18.49024655642166,1.227547297838124
173,82,119,129,120,101,30,43.84286120558539,34.65324033544764
255,255,255,194,106,132,30,37.974997515442396,2.5207175945130804e-16
131,115,94,203,189,203,31,19.736177772320833,1.3150074055776642e-06
129,120,101,239,225,192,31,6.215714099051788,3.1230939639533957e-13
222,222,206,239,225,192,31,10.309000652395401,9.67279858810819
120,109,104,203,189,203,31,10.422648757823136,3.518884364967666e-08
239,222,222,165,140,132,31,6.114475622410592,1.6301947132031197e-07
99,90,74,245,125,127,31,46.29315510346068,1.1553038880234787e-05
206,199,177,247,152,156,31,37.3219529204089,11.7234605872621
82,79,63,245,125,127,31,48.965851580383905,2.2711771244941098e-08
239,225,192,239,222,222,31,16.980840131738272,16.979401215694402
247,152,156,187,179,149,31,38.29232222486208,38.2536757996559
112,100,87,239,222,222,32,7.78062041180722,9.485588039995782e-19
239,239,222,163,152,177,32,23.011214936550328,6.062971739238851e-07
206,199,177,129,120,101,32,1.4084598230048577,3.770127263570407e-08
239,222,222,239,225,192,32,16.980840131738272,16.979401215694402
187,179,149,247,152,156,32,38.29232222486208,38.2536757996559
112,100,87,247,152,156,32,33.79806836517671,9.144162586697229e-07
82,79,63,206,199,177,32,2.0490423396906565,1.8855322956952255e-19
131,115,94,245,125,127,32,43.7381426687269,0.14880154264309353
245,125,127,156,140,123,32,43.82492600191353,16.370196800648362
247,152,156,112,100,87,32,33.79806836517671,9.144162586697229e-07
173,82,119,82,79,63,32,45.126943626715935,0.968588643133309
194,106,132,112,100,87,32,36.3264582587555,1.6817994957192717
247,152,156,203,189,203,32,33.968855482883825,18.705837266688672
247,152,156,165,140,132,32,28.432962394986497,1.3243220166790446
203,189,203,156,140,123,33,17.069290811368614,0.013440170245622544
206,199,177,112,100,87,33,4.654972697241434,4.960496477188168e-12
156,140,123,206,199,177,33,4.457713198211898,0.0006310361165606594
247,152,156,206,199,177,33,37.3219529204089,11.7234605872621
255,255,255,211,124,143,33,36.2736421356651,8.531339356396904e-12
203,189,203,156,156,132,34,21.34833840356001,0.34736276718092335
156,156,132,203,189,203,34,21.34833840356001,0.34736276718092335
138,123,133,156,156,132,34,19.875816879376657,2.166638445147868
165,148,123,206,199,177,34,5.080923359147445,0.0073386077472067076
147,136,110,87,82,84,34,16.143742880651796,0.0014151144910283563
147,136,110,165,140,132,34,11.348391887002336,9.182884282635142
156,140,123,194,106,132,34,36.19670191722585,27.605768874284095
131,115,94,187,179,149,34,5.456857781805672,8.657549247132268e-05
247,152,156,147,136,110,34,36.32600937863419,0.2732270917109763
194,106,132,239,222,222,34,32.14980499819735,2.025838816747317e-09
156,140,123,147,136,110,35,5.3885690649900635,4.893653962516106
182,171,176,156,156,132,35,16.494429715422008,5.765497086764033
222,222,206,203,189,203,35,16.608892521186622,2.2788014050392498
206,199,177,222,222,206,35,4.311858946410694,1.2698253860673985
239,225,192,173,160,127,35,1.07402119666327,1.4447763898390577e-05
156,156,132,173,82,119,35,48.278855469557996,0.21424670912095845
173,160,127,173,82,119,35,47.42472600985709,0.038094648473896785
206,199,177,233,107,108,35,51.44091009114783,0.024759217638187354
247,152,156,222,222,206,35,39.15383611611716,0.33534801515798657
203,189,203,222,222,206,36,16.608892521186622,2.2788014050392498
165,140,132,222,222,206,36,10.872469478009277,2.082719160840549e-06
163,152,177,26,58,125,36,30.34879174323251,3.6995703668594256e-12
222,222,206,147,136,110,36,8.049462522123077,3.343502007740951e-08
255,255,255,112,100,87,36,9.446361419845815,7.71297066752521e-28
147,136,110,112,100,87,36,6.9061371869014865,0.14644294462965537
156,140,123,239,225,192,36,7.5194270472057205,5.181720362604971e-08
187,179,149,131,115,94,36,5.456857781805672,8.657549247132268e-05
129,120,101,112,100,87,36,3.4838226007134394,1.0973441907537234
131,115,94,173,82,119,36,42.236868797756316,38.785630773170034
211,124,143,99,90,74,36,35.768723278715804,0.0007455749920003027
239,222,222,112,100,87,37,7.78062041180722,9.485588039995782e-19
156,156,132,239,225,192,37,6.530184799139886,7.9056794798341e-06
104,92,102,239,239,222,37,15.572890947870524,1.992213559680122e-24
165,140,132,165,140,132,37,0.0,0.0
187,179,149,87,82,84,37,17.420002938816122,1.1056241066137673e-11
222,222,206,173,82,119,37,45.47812091633513,1.6495565832628693e-13
173,82,119,222,222,206,37,45.47812091633513,1.6495565832628693e-13
194,106,132,211,124,143,37,3.653999458774575,1.635057738177894
206,199,177,82,79,63,38,2.0490423396906565,1.8855322956952255e-19
165,140,132,112,100,87,38,5.795598147631567,0.016330213454732647
211,124,143,255,255,255,38,36.2736421356651,8.531339356396904e-12
165,140,132,239,222,222,39,6.114475622410592,1.6301947132031197e-07
206,199,177,87,82,84,39,12.88144829247008,4.2824195129993296e-17
187,179,149,222,222,206,39,8.545455471977519,0.0839917493543744
222,222,206,239,222,222,39,10.332635745150915,9.73930433652911
147,136,110,165,148,123,39,2.483836093768508,1.4576181642167003
239,222,222,222,222,206,39,10.332635745150915,9.73930433652911
120,109,104,187,179,149,39,13.21973925832374,1.7891288103826944e-05
120,109,104,239,225,192,39,14.064721131613183,1.2660965109700229e-15
87,82,84,206,199,177,39,12.88144829247008,4.2824195129993296e-17
82,79,63,112,100,87,39,4.367658587368169,0.6683044528068677
239,225,192,165,148,123,39,3.573482256750417,7.855255215879393e-07
222,222,206,187,179,149,39,8.545455471977519,0.0839917493543744
203,189,203,255,255,255,39,9.10572700499818,0.0006285958218356244
147,136,110,247,152,156,39,36.32600937863419,0.2732270917109763
173,82,119,156,156,132,39,48.278855469557996,0.21424670912095845
173,82,119,131,115,94,39,42.236868797756316,38.785630773170034
173,82,119,239,177,189,39,18.084770619896393,9.809917866295119e-08
182,171,176,239,239,222,40,12.160299342043462,0.0003022035051331404
255,255,255,206,199,177,40,11.959654694184074,0.004934227676350629
147,136,110,131,115,94,40,3.3573061580250236,1.042929646101335
206,199,177,156,140,123,40,4.457713198211898,0.0006310361165606594
147,136,110,222,222,206,40,8.049462522123077,3.343502007740951e-08
165,140,132,82,79,63,40,10.159903369462352,5.724481010849326e-06
255,255,255,187,179,149,40,16.50635426787412,6.7184734309343295e-06
129,120,101,247,152,156,40,35.93497803668055,0.002416306364068539
131,115,94,239,222,222,40,12.216057634537595,7.758774078543473e-14
239,222,222,194,106,132,40,32.14980499819735,2.025838816747317e-09
194,106,132,99,90,74,40,38.31621032636105,0.12891442315346574
129,120,101,173,82,119,40,43.84286120558539,34.65324033544764
245,125,127,99,90,74,40,46.29315510346068,1.1553038880234787e-05
255,255,255,239,177,189,40,24.44597689157064,0.0017476647735564937
26,58,125,163,152,177,41,30.34879174323251,3.6995703668594256e-12
99,90,74,182,171,176,41,12.417166253992358,9.994949934761825e-09
187,179,149,120,109,104,41,13.21973925832374,1.7891288103826944e-05
156,156,132,138,123,133,41,19.875816879376657,2.166638445147868
222,222,206,165,140,132,41,10.872469478009277,2.082719160840549e-06
203,189,203,99,90,74,41,17.180031867605233,5.149693622481621e-13
129,120,101,233,107,108,41,50.127142619362935,6.83079841929293
239,222,222,131,115,94,41,12.216057634537595,7.758774078543473e-14
239,225,192,255,255,255,41,17.89254969091175,2.29168126036722
99,90,74,194,106,132,41,38.31621032636105,0.12891442315346574
247,152,156,239,177,189,41,15.628576169651994,8.53113476238305
138,123,133,99,90,74,42,15.506303190968898,0.22071138693545367
206,199,177,165,148,123,42,5.080923359147445,0.0073386077472067076
82,79,63,165,140,132,42,10.159903369462352,5.724481010849326e-06
87,82,84,165,140,132,42,9.958172460069479,4.24036499605966e-05
99,90,74,138,123,133,42,15.506303190968898,0.22071138693545367
165,148,123,112,100,87,42,6.422192574876453,0.004547940878323578
206,199,177,131,115,94,42,4.510162451255916,2.320144269541591e-08
165,140,132,131,115,94,42,8.155233721099869,0.7578664321775753
82,79,63,247,152,156,42,37.99012737056375,1.6936974593475471e-12
173,82,119,165,148,123,42,43.36183886897609,0.5198417332391105
211,124,143,211,124,143,42,0.0,0.0
112,100,87,82,79,63,43,4.367658587368169,0.6683044528068677
156,140,123,187,179,149,43,7.329437674158412,0.1749057210681018
87,82,84,239,222,222,43,4.205184038870538,8.37309080580921e-26
87,82,84,187,179,149,43,17.420002938816122,1.1056241066137673e-11
163,152,177,239,239,222,43,23.011214936550328,6.062971739238851e-07
129,120,101,206,199,177,43,1.4084598230048577,3.770127263570407e-08
165,140,132,87,82,84,43,9.958172460069479,4.24036499605966e-05
222,222,206,82,79,63,43,2.2755122327876176,2.702994957557733e-26
222,222,206,247,152,156,43,39.15383611611716,0.33534801515798657
99,90,74,211,124,143,43,35.768723278715804,0.0007455749920003027
245,125,127,239,239,222,43,50.39820165801561,9.647070330107075e-06
247,152,156,245,125,127,43,12.322407761774775,5.397094224810437
165,140,132,255,255,255,44,11.219613488606932,2.1798903751353424e-13
206,199,177,255,255,255,44,11.959654694184074,0.004934227676350629
112,100,87,222,222,206,44,5.389259280008434,1.534053789873136e-17
104,92,102,99,90,74,44,15.730016221030295,14.691637253799781
165,148,123,239,225,192,44,3.573482256750417,7.855255215879393e-07
82,79,63,187,179,149,44,6.456887913249872,2.0217009030452556e-13
165,148,123,147,136,110,44,2.483836093768508,1.4576181642167003
147,136,110,233,107,108,44,49.7204052156028,37.79974551752622
239,222,222,211,124,143,44,30.282082996476234,5.084424206629144e-06
233,107,108,112,100,87,44,48.54167884354477,0.10018348095151448
233,107,108,156,156,132,44,54.21566876646904,45.03222793089883
239,239,222,138,123,133,45,15.62694171273903,5.4230249665891834e-14
203,189,203,120,109,104,45,10.422648757823136,3.518884364967666e-08
99,90,74,104,92,102,45,15.730016221030295,14.691637253799781
120,109,104,206,199,177,45,8.861355734624894,1.8656463767450683e-09
120,109,104,173,82,119,45,38.708517716176814,38.57095959180567
165,148,123,173,82,119,45,43.36183886897609,0.5198417332391105
173,82,119,173,160,127,45,47.42472600985709,0.038094648473896785
247,152,156,165,148,123,45,33.85254695554656,3.773020079866134
233,107,108,239,177,189,45,32.05347419817696,0.07331926108944138
194,106,132,87,82,84,45,35.54301159207921,0.010770466091434318
156,140,123,112,100,87,46,2.253023029327655,0.01282696494232351
147,136,110,255,255,255,46,15.483743555922745,1.3823813277927023e-15
239,225,192,156,140,123,46,7.5194270472057205,5.181720362604971e-08
82,79,63,239,222,222,46,10.935127784871872,2.8570856897270475e-27
187,179,149,233,107,108,46,51.47428162849649,2.6757521162144977
239,177,189,239,239,222,46,27.732345153388074,0.17842036160967667
233,107,108,165,140,132,46,43.65107462406801,43.47590432382092
147,136,110,156,140,123,47,5.3885690649900635,4.893653962516106
239,225,192,156,156,132,47,6.530184799139886,7.9056794798341e-06
239,239,222,182,171,176,47,12.160299342043462,0.0003022035051331404
138,123,133,239,239,222,47,15.62694171273903,5.4230249665891834e-14
87,82,84,147,136,110,47,16.143742880651796,0.0014151144910283563
239,222,222,165,148,123,47,13.903785121365745,3.284518770906259e-06
239,222,222,87,82,84,47,4.205184038870538,8.37309080580921e-26
165,140,132,247,152,156,47,28.432962394986497,1.3243220166790446
156,156,132,247,152,156,47,40.296726551297,8.30034502289735
247,152,156,120,109,104,47,33.80824949515679,5.773822223663915e-05
247,152,156,156,156,132,47,40.296726551297,8.30034502289735
233,107,108,147,136,110,47,49.7204052156028,37.79974551752622
173,82,119,120,109,104,47,38.708517716176814,38.57095959180567
247,152,156,239,225,192,47,36.770540154052625,0.09823542083223306
173,160,127,239,225,192,48,1.07402119666327,1.4447763898390577e-05
156,156,132,206,199,177,48,3.0746760686722165,0.013299724071578938
187,179,149,156,140,123,48,7.329437674158412,0.1749057210681018
112,100,87,165,148,123,48,6.422192574876453,0.004547940878323578
255,255,255,239,225,192,48,17.89254969091175,2.29168126036722
239,239,222,239,177,189,48,27.732345153388074,0.17842036160967667
239,222,222,82,79,63,48,10.935127784871872,2.8570856897270475e-27
156,140,123,173,82,119,48,40.864631530116846,2.400651385888049
239,225,192,247,152,156,48,36.770540154052625,0.09823542083223306
239,225,192,120,109,104,48,14.064721131613183,1.2660965109700229e-15
233,107,108,239,225,192,48,49.60542225804826,2.0737553751346896e-06
173,82,119,156,140,123,48,40.864631530116846,2.400651385888049
173,82,119,87,82,84,48,38.96904022138295,2.2919171401558804
129,120,101,165,140,132,49,8.89569329886754,1.444078985492209
222,222,206,233,107,108,49,53.92238928701388,1.6941303939341095e-05
239,177,189,233,107,108,49,32.05347419817696,0.07331926108944138
233,107,108,222,222,206,49,53.92238928701388,1.6941303939341095e-05
112,100,87,156,140,123,50,2.253023029327655,0.01282696494232351
87,82,84,112,100,87,50,9.557917812971874,2.8914506901685546
112,100,87,255,255,255,50,9.446361419845815,7.71297066752521e-28
239,239,222,104,92,102,50,15.572890947870524,1.992213559680122e-24
233,107,108,87,82,84,50,52.16016235990421,0.00014162013944729167
120,109,104,165,140,132,51,5.833718101425981,0.16204116338332197
187,179,149,165,148,123,51,4.465833513487549,0.4525615301626686
131,115,94,82,79,63,51,6.084041030727818,0.03818004523769581
247,152,156,129,120,101,51,35.93497803668055,0.002416306364068539
239,222,222,156,156,132,52,14.55853915362965,1.8862887007373865e-05
82,79,63,131,115,94,52,6.084041030727818,0.03818004523769581
222,222,206,112,100,87,52,5.389259280008434,1.534053789873136e-17
222,222,206,131,115,94,52,8.210730103360254,7.929554871113629e-13
222,222,206,206,199,177,52,4.311858946410694,1.2698253860673985
87,82,84,222,222,206,52,9.796983028758978,7.752061479164897e-24
99,90,74,203,189,203,52,17.180031867605233,5.149693622481621e-13
156,156,132,233,107,108,52,54.21566876646904,45.03222793089883
239,239,222,245,125,127,52,50.39820165801561,9.647070330107075e-06
165,140,132,233,107,108,52,43.65107462406801,43.47590432382092
173,160,127,147,136,110,53,3.4878981032184715,0.6496382684707417
187,179,149,173,160,127,53,3.021182446175045,1.232915973934901
112,100,87,87,82,84,53,9.557917812971874,2.8914506901685546
173,160,127,206,199,177,53,7.098034543307126,0.13474025049856803
239,225,192,233,107,108,53,49.60542225804826,2.0737553751346896e-06
233,107,108,187,179,149,53,51.47428162849649,2.6757521162144977
187,179,149,129,120,101,54,5.184185609969374,0.00028597382328192166
187,179,149,255,255,255,54,16.50635426787412,6.7184734309343295e-06
129,120,101,187,179,149,54,5.184185609969374,0.00028597382328192166
255,255,255,147,136,110,54,15.483743555922745,1.3823813277927023e-15
99,90,74,206,199,177,54,2.4231910722132755,2.234167848442278e-15
156,140,123,165,140,132,54,6.073624635601284,5.938923829294314
239,177,189,247,152,156,54,15.628576169651994,8.53113476238305
245,125,127,245,125,127,54,0.0,0.0
165,148,123,187,179,149,55,4.465833513487549,0.4525615301626686
165,140,132,120,109,104,55,5.833718101425981,0.16204116338332197
156,156,132,131,115,94,55,7.141445321429784,0.1132898627658161
165,148,123,82,79,63,55,6.951587520207412,4.698299787619063e-07
129,120,101,239,222,222,55,11.160841412565969,6.208697565753744e-13
255,255,255,222,222,206,55,8.323560788714344,0.4851313516537278
239,222,222,129,120,101,55,11.160841412565969,6.208697565753744e-13
87,82,84,173,82,119,55,38.96904022138295,2.2919171401558804
87,82,84,233,107,108,55,52.16016235990421,0.00014162013944729167
247,152,156,87,82,84,55,36.20071643062981,3.214483274566143e-11
211,124,143,239,222,222,55,30.282082996476234,5.084424206629144e-06
156,156,132,112,100,87,56,7.578774410815013,0.0015248102300766948
147,136,110,120,109,104,56,11.700967694340708,1.5015809187260651
239,222,222,173,160,127,56,18.022280853818586,0.0002578334995069064
131,115,94,165,148,123,57,1.6889770622649407,0.06349723874649253
82,79,63,129,120,101,57,2.6377587762389823,0.006685478266276148
129,120,101,82,79,63,57,2.6377587762389823,0.006685478266276148
131,115,94,222,222,206,57,8.210730103360254,7.929554871113629e-13
255,255,255,165,140,132,57,11.219613488606932,2.1798903751353424e-13
247,152,156,211,124,143,57,8.655946976633944,0.8465901188522501
247,152,156,173,160,127,57,37.053267962666276,16.042595125811555
206,199,177,173,160,127,58,7.098034543307126,0.13474025049856803
120,109,104,147,136,110,58,11.700967694340708,1.5015809187260651
206,199,177,156,156,132,58,3.0746760686722165,0.013299724071578938
120,109,104,247,152,156,58,33.80824949515679,5.773822223663915e-05
194,106,132,194,106,132,58,0.0,0.0
26,58,125,138,123,133,59,38.65180312534634,1.302857195733715e-05
87,82,84,173,160,127,59,19.62487050200428,1.158777769876174e-07
147,136,110,129,120,101,59,3.8013931078699508,1.7270771501406772
173,160,127,82,79,63,59,9.123276933526233,4.487418764715977e-09
99,90,74,239,225,192,59,7.404541554565283,1.237966863567565e-22
120,109,104,239,222,222,59,3.3187189170945155,3.340955613634285e-16
82,79,63,233,107,108,59,52.451569216052775,1.8193998836780993e-05
245,125,127,247,152,156,59,12.322407761774775,5.397094224810437
211,124,143,247,152,156,59,8.655946976633944,0.8465901188522501
156,156,132,239,222,222,60,14.55853915362965,1.8862887007373865e-05
173,160,127,112,100,87,60,10.28888378917978,0.0002502986019555137
203,189,203,239,239,222,60,16.98726885957159,0.10654440541909378
222,222,206,129,120,101,60,4.813887824066314,3.707076774924363e-12
239,222,222,120,109,104,60,3.3187189170945155,3.340955613634285e-16
82,79,63,165,148,123,60,6.951587520207412,4.698299787619063e-07
131,115,94,247,152,156,60,33.285257667992674,0.0006516598114186405
211,124,143,239,239,222,60,39.09015302212726,4.021546892938448e-08
233,107,108,120,109,104,60,49.310314791749136,1.073015088903673
120,109,104,112,100,87,61,4.858507934798472,3.6680627850625025
165,148,123,222,222,206,61,9.192192027274785,1.3682501834627897e-05
222,222,206,222,222,206,61,0.0,0.0
112,100,87,156,156,132,61,7.578774410815013,0.0015248102300766948
165,140,132,165,148,123,61,9.721239693377912,9.038154805946535
255,255,255,245,125,127,61,50.302716024324305,6.222363474297947e-09
233,107,108,129,120,101,61,50.127142619362935,6.83079841929293
194,106,132,247,152,156,61,11.90232523081814,0.033818021599511104
247,152,156,82,79,63,61,37.99012737056375,1.6936974593475471e-12
26,58,125,182,171,176,62,41.34307998993175,9.324822925336074e-17
156,156,132,187,179,149,62,4.3322885464459935,0.8230226000543782
165,148,123,165,140,132,62,9.721239693377912,9.038154805946535
173,160,127,239,222,222,62,18.022280853818586,0.0002578334995069064
206,199,177,120,109,104,62,8.861355734624894,1.8656463767450683e-09
129,120,101,147,136,110,62,3.8013931078699508,1.7270771501406772
82,79,63,222,222,206,62,2.2755122327876176,2.702994957557733e-26
87,82,84,131,115,94,62,14.363553229012757,0.2903007802277397
165,148,123,239,222,222,62,13.903785121365745,3.284518770906259e-06
165,140,132,129,120,101,63,8.89569329886754,1.444078985492209
112,100,87,120,109,104,63,4.858507934798472,3.6680627850625025
245,125,127,255,255,255,63,50.302716024324305,6.222363474297947e-09
173,160,127,187,179,149,64,3.021182446175045,1.232915973934901
112,100,87,129,120,101,64,3.4838226007134394,1.0973441907537234
82,79,63,82,79,63,64,0.0,0.0
239,239,222,203,189,203,64,16.98726885957159,0.10654440541909378
165,140,132,156,156,132,65,13.27865012946054,10.401073055008606
187,179,149,156,156,132,65,4.3322885464459935,0.8230226000543782
222,222,206,165,148,123,65,9.192192027274785,1.3682501834627897e-05
82,79,63,156,156,132,65,3.625199395883177,3.7648622536086584e-08
87,82,84,82,79,63,65,11.207971658650193,10.38198021111202
156,140,123,239,222,222,65,9.555237507865776,7.131098290613946e-08
131,115,94,87,82,84,65,14.363553229012757,0.2903007802277397
255,255,255,173,82,119,65,41.44851413809865,3.151055192742072e-23
131,115,94,233,107,108,65,47.07500134126546,3.5834563372332595
247,152,156,131,115,94,65,33.285257667992674,0.0006516598114186405
120,109,104,222,222,206,66,7.0723814089531185,1.2845304395989702e-14
87,82,84,247,152,156,66,36.20071643062981,3.214483274566143e-11
247,152,156,156,140,123,66,32.93926137256632,0.8878782883859715
194,106,132,239,239,222,66,41.43089575367573,5.458522535929453e-12
87,82,84,255,255,255,67,2.491971763757514,1.4167160973340038e-36
112,100,87,173,160,127,67,10.28888378917978,0.0002502986019555137
147,136,110,156,156,132,67,4.9658989408350305,1.997284641833512
173,160,127,247,152,156,67,37.053267962666276,16.042595125811555
120,109,104,233,107,108,67,49.310314791749136,1.073015088903673
26,58,125,239,222,222,68,44.31325510269,1.679883192055788e-34
26,58,125,104,92,102,68,38.200458437442244,0.5490999501184157
147,136,110,173,160,127,68,3.4878981032184715,0.6496382684707417
156,140,123,222,222,206,68,6.830156774503689,3.9391335188903513e-07
165,148,123,233,107,108,68,47.260799929247874,45.28765638343162
165,148,123,247,152,156,68,33.85254695554656,3.773020079866134
26,58,125,203,189,203,69,36.79375474028477,8.346935483086615e-23
182,171,176,26,58,125,69,41.34307998993175,9.324822925336074e-17
173,160,127,233,107,108,69,49.62930929055628,27.31143043902433
156,140,123,247,152,156,69,32.93926137256632,0.8878782883859715
129,120,101,87,82,84,70,12.356987065563928,0.11223849745479032
165,148,123,87,82,84,70,15.97807298604174,9.476043331852382e-06
131,115,94,131,115,94,70,0.0,0.0
239,222,222,239,222,222,70,0.0,0.0
222,222,206,255,255,255,71,8.323560788714344,0.4851313516537278
239,225,192,99,90,74,71,7.404541554565283,1.237966863567565e-22
129,120,101,131,115,94,71,3.447326826604088,3.321240584695487
156,140,123,87,82,84,71,11.727649109057829,0.00014000142005539629
165,140,132,173,160,127,71,14.148959840459215,7.0310081533309905
82,79,63,87,82,84,71,11.207971658650193,10.38198021111202
233,107,108,82,79,63,71,52.451569216052775,1.8193998836780993e-05
156,156,132,147,136,110,72,4.9658989408350305,1.997284641833512
173,160,127,165,140,132,72,14.148959840459215,7.0310081533309905
131,115,94,173,160,127,72,6.024273876301789,0.021122747953318394
222,222,206,87,82,84,72,9.796983028758978,7.752061479164897e-24
165,148,123,131,115,94,72,1.6889770622649407,0.06349723874649253
82,79,63,156,140,123,72,5.148570198931715,8.835306963429277e-06
99,90,74,187,179,149,73,6.469540950862244,4.356558451825512e-10
222,222,206,156,140,123,73,6.830156774503689,3.9391335188903513e-07
239,222,222,156,140,123,73,9.555237507865776,7.131098290613946e-08
26,58,125,239,225,192,74,61.08393091284902,1.9607621816947043e-34
239,222,222,26,58,125,74,44.31325510269,1.679883192055788e-34
173,160,127,131,115,94,74,6.024273876301789,0.021122747953318394
120,109,104,82,79,63,74,7.622766125956434,0.20598923796106677
87,82,84,87,82,84,74,0.0,0.0
131,115,94,129,120,101,74,3.447326826604088,3.321240584695487
165,140,132,156,140,123,75,6.073624635601284,5.938923829294314
239,239,222,239,225,192,75,9.976380049137724,7.041207421513304
233,107,108,165,148,123,75,47.260799929247874,45.28765638343162
165,148,123,120,109,104,76,11.246862022082734,0.10453112503667632
255,255,255,156,140,123,76,11.697918908613197,4.1297797430673945e-14
173,82,119,255,255,255,76,41.44851413809865,3.151055192742072e-23
131,115,94,156,140,123,77,2.680893994019244,0.38654374120650553
222,222,206,120,109,104,77,7.0723814089531185,1.2845304395989702e-14
255,255,255,82,79,63,77,10.086177406576914,3.3863612771306463e-38
165,148,123,255,255,255,77,15.702176928253014,5.890255740703858e-12
156,140,123,131,115,94,77,2.680893994019244,0.38654374120650553
173,82,119,239,222,222,77,35.91506380599283,7.433028948904798e-15
233,107,108,173,160,127,77,49.62930929055628,27.31143043902433
173,82,119,211,124,143,77,9.39582312909128,0.1349828415348777
156,156,132,165,140,132,78,13.27865012946054,10.401073055008606
255,255,255,87,82,84,78,2.491971763757514,1.4167160973340038e-36
82,79,63,255,255,255,78,10.086177406576914,3.3863612771306463e-38
138,123,133,26,58,125,79,38.65180312534634,1.302857195733715e-05
87,82,84,165,148,123,79,15.97807298604174,9.476043331852382e-06
156,140,123,82,79,63,79,5.148570198931715,8.835306963429277e-06
165,148,123,129,120,101,79,4.399499252155414,0.3206605285145826
99,90,74,147,136,110,79,5.000213908578395,0.005904464773491924
222,222,206,173,160,127,79,11.323569194534231,0.0007749936628606635
120,109,104,131,115,94,79,9.595574704913744,8.479551811003418
131,115,94,255,255,255,79,14.191219018183995,7.688153704184988e-22
233,107,108,156,140,123,79,47.30311651766322,45.20169739933946
173,160,127,222,222,206,80,11.323569194534231,0.0007749936628606635
87,82,84,129,120,101,80,12.356987065563928,0.11223849745479032
165,148,123,165,148,123,81,0.0,0.0
247,152,156,194,106,132,81,11.90232523081814,0.033818021599511104
187,179,149,99,90,74,82,6.469540950862244,4.356558451825512e-10
239,222,222,247,152,156,82,32.158995680725035,0.08984558442107686
99,90,74,173,82,119,82,42.865202105058415,9.600095453461963
239,239,222,211,124,143,82,39.09015302212726,4.021546892938448e-08
247,152,156,239,222,222,82,32.158995680725035,0.08984558442107686
156,156,132,82,79,63,83,3.625199395883177,3.7648622536086584e-08
82,79,63,173,160,127,83,9.123276933526233,4.487418764715977e-09
255,255,255,156,156,132,83,13.305399437454044,5.229148817981388e-11
147,136,110,99,90,74,83,5.000213908578395,0.005904464773491924
82,79,63,120,109,104,83,7.622766125956434,0.20598923796106677
239,239,222,194,106,132,83,41.43089575367573,5.458522535929453e-12
173,82,119,99,90,74,83,42.865202105058415,9.600095453461963
194,106,132,173,82,119,83,5.746217985884222,1.485543499663883
104,92,102,26,58,125,84,38.200458437442244,0.5490999501184157
233,107,108,239,222,222,84,48.02318353701064,2.1657113344340973e-06
120,109,104,87,82,84,85,4.872257842254383,0.3490589645916374
255,255,255,131,115,94,86,14.191219018183995,7.688153704184988e-22
129,120,101,222,222,206,86,4.813887824066314,3.707076774924363e-12
156,140,123,173,160,127,86,8.528639317991043,3.225927723092913
203,189,203,26,58,125,87,36.79375474028477,8.346935483086615e-23
206,199,177,99,90,74,87,2.4231910722132755,2.234167848442278e-15
156,156,132,222,222,206,87,4.98377828099191,3.6482152652072834e-05
211,124,143,173,82,119,87,9.39582312909128,0.1349828415348777
222,222,206,156,156,132,88,4.98377828099191,3.6482152652072834e-05
255,255,255,165,148,123,88,15.702176928253014,5.890255740703858e-12
255,255,255,173,160,127,88,18.961740591722045,2.2077337007826917e-09
156,140,123,255,255,255,89,11.697918908613197,4.1297797430673945e-14
239,222,222,255,255,255,89,6.175669329594643,0.7703121513547846
173,82,119,194,106,132,89,5.746217985884222,1.485543499663883
26,58,125,131,115,94,90,56.51100719601783,0.0009632348269997716
239,225,192,239,239,222,90,9.976380049137724,7.041207421513304
239,222,222,173,82,119,90,35.91506380599283,7.433028948904798e-15
99,90,74,112,100,87,91,2.24268614601633,1.501513387657164
173,160,127,129,120,101,92,7.28923219970212,0.06165823937947458
255,255,255,129,120,101,92,11.696642611238278,9.687355637178953e-21
129,120,101,255,255,255,92,11.696642611238278,9.687355637178953e-21
255,255,255,120,109,104,94,5.50070717262158,1.712399154118349e-24
120,109,104,255,255,255,94,5.50070717262158,1.712399154118349e-24
156,140,123,233,107,108,94,47.30311651766322,45.20169739933946
26,58,125,206,199,177,95,55.51198766929027,1.2993543099048918e-24
131,115,94,156,156,132,95,7.141445321429784,0.1132898627658161
165,148,123,156,140,123,95,4.358333842357298,3.6544942990763243
233,107,108,131,115,94,95,47.07500134126546,3.5834563372332595
156,156,132,87,82,84,96,14.670772309644738,1.5136274402242651e-06
173,160,127,87,82,84,96,19.62487050200428,1.158777769876174e-07
129,120,101,165,148,123,96,4.399499252155414,0.3206605285145826
245,125,127,233,107,108,96,4.169295524443483,2.271953961741028
87,82,84,156,156,132,97,14.670772309644738,1.5136274402242651e-06
165,140,132,99,90,74,97,7.858731809845358,0.0006884097591866658
99,90,74,165,140,132,97,7.858731809845358,0.0006884097591866658
120,109,104,156,140,123,97,6.926611349115509,0.33166769037072175
156,140,123,120,109,104,97,6.926611349115509,0.33166769037072175
239,222,222,233,107,108,97,48.02318353701064,2.1657113344340973e-06
26,58,125,82,79,63,98,53.78358862978933,17.424610975275698
239,239,222,206,199,177,98,4.014633624687545,0.09016812112261739
87,82,84,156,140,123,98,11.727649109057829,0.00014000142005539629
129,120,101,156,140,123,98,3.0492542029345873,0.7248671208133272
26,58,125,165,140,132,99,49.55632212463035,2.87428338359863e-09
239,239,222,187,179,149,99,8.183148006646533,0.0010552816992820868
156,140,123,129,120,101,99,3.0492542029345873,0.7248671208133272
165,148,123,156,156,132,100,7.158664137230935,6.807440512316075
239,222,222,99,90,74,100,9.872762054452071,1.8858956983357595e-22
255,255,255,239,222,222,100,6.175669329594643,0.7703121513547846
247,152,156,99,90,74,100,35.35503708395446,3.2348839845979197e-09
131,115,94,120,109,104,101,9.595574704913744,8.479551811003418
206,199,177,239,239,222,101,4.014633624687545,0.09016812112261739
26,58,125,255,255,255,103,43.78775708870016,9.967478182196677e-47
173,160,127,165,148,123,103,4.4310555259252205,3.21527522605211
206,199,177,26,58,125,103,55.51198766929027,1.2993543099048918e-24
99,90,74,247,152,156,103,35.35503708395446,3.2348839845979197e-09
239,225,192,26,58,125,104,61.08393091284902,1.9607621816947043e-34
112,100,87,99,90,74,105,2.24268614601633,1.501513387657164
165,148,123,173,160,127,105,4.4310555259252205,3.21527522605211
156,140,123,165,148,123,105,4.358333842357298,3.6544942990763243
156,140,123,156,140,123,106,0.0,0.0
173,160,127,156,140,123,107,8.528639317991043,3.225927723092913
156,156,132,255,255,255,108,13.305399437454044,5.229148817981388e-11
99,90,74,222,222,206,109,4.467272162420883,2.711278086717834e-21
173,160,127,255,255,255,109,18.961740591722045,2.2077337007826917e-09
165,148,123,99,90,74,109,5.180915944421421,8.102823015097724e-05
120,109,104,165,148,123,109,11.246862022082734,0.10453112503667632
173,82,119,239,239,222,109,45.7007581775853,4.903469295852158e-18
156,140,123,156,156,132,110,7.524461141608097,4.970185720179622
99,90,74,233,107,108,110,49.777181425325836,0.00294730796682795
26,58,125,147,136,110,111,58.69987891833467,2.4017673999849117e-07
112,100,87,239,239,222,111,5.444968159293233,1.6967060242741312e-22
222,222,206,99,90,74,111,4.467272162420883,2.711278086717834e-21
99,90,74,239,222,222,111,9.872762054452071,1.8858956983357595e-22
233,107,108,245,125,127,111,4.169295524443483,2.271953961741028
87,82,84,120,109,104,112,4.872257842254383,0.3490589645916374
165,140,132,239,239,222,112,11.015246726193073,1.3715865451119465e-09
147,136,110,239,239,222,114,7.739955174229745,9.622773608204459e-12
156,156,132,120,109,104,115,11.247733150637181,0.037674630853817864
156,156,132,165,148,123,116,7.158664137230935,6.807440512316075
131,115,94,26,58,125,116,56.51100719601783,0.0009632348269997716
99,90,74,131,115,94,117,3.889933380687669,0.3916373180658449
120,109,104,173,160,127,118,15.12723458177816,0.008804801528872516
247,152,156,173,82,119,118,17.234920710949478,4.530705729990682e-05
156,156,132,129,120,101,119,4.478846167781681,0.15020626766389092
129,120,101,173,160,127,119,7.28923219970212,0.06165823937947458
131,115,94,99,90,74,119,3.889933380687669,0.3916373180658449
156,156,132,156,140,123,120,7.524461141608097,4.970185720179622
129,120,101,120,109,104,120,8.037094904124563,5.973969415753564
26,58,125,187,179,149,121,60.050287482302075,4.392064568069977e-18
120,109,104,156,156,132,121,11.247733150637181,0.037674630853817864
239,239,222,112,100,87,121,5.444968159293233,1.6967060242741312e-22
239,239,222,173,82,119,122,45.7007581775853,4.903469295852158e-18
165,140,132,26,58,125,124,49.55632212463035,2.87428338359863e-09
120,109,104,129,120,101,124,8.037094904124563,5.973969415753564
120,109,104,120,109,104,124,0.0,0.0
239,239,222,147,136,110,125,7.739955174229745,9.622773608204459e-12
129,120,101,129,120,101,125,0.0,0.0
255,255,255,255,255,255,125,0.0,0.0
255,255,255,247,152,156,125,38.33463815126439,1.221510348534485e-05
173,82,119,173,82,119,127,0.0,0.0
82,79,63,26,58,125,128,53.78358862978933,17.424610975275698
247,152,156,255,255,255,128,38.33463815126439,1.221510348534485e-05
239,239,222,131,115,94,129,8.03079354795954,3.7526816020575185e-17
255,255,255,26,58,125,130,43.78775708870016,9.967478182196677e-47
233,107,108,99,90,74,130,49.777181425325836,0.00294730796682795
233,107,108,247,152,156,130,16.43394278780472,0.9519626111206941
173,82,119,247,152,156,131,17.234920710949478,4.530705729990682e-05
173,160,127,120,109,104,134,15.12723458177816,0.008804801528872516
187,179,149,239,239,222,134,8.183148006646533,0.0010552816992820868
239,239,222,82,79,63,136,2.008713556387119,2.5949929349439663e-32
129,120,101,156,156,132,137,4.478846167781681,0.15020626766389092
239,239,222,239,222,222,137,10.655061418501743,7.438296416056976
247,152,156,233,107,108,137,16.43394278780472,0.9519626111206941
87,82,84,99,90,74,140,11.147104090688515,9.020921783634803
82,79,63,239,239,222,140,2.008713556387119,2.5949929349439663e-32
255,255,255,99,90,74,141,10.606868616757376,2.1817714607328762e-32
26,58,125,112,100,87,145,51.88223712261493,0.14022465352091895
99,90,74,165,148,123,146,5.180915944421421,8.102823015097724e-05
156,156,132,173,160,127,147,7.352802839418573,6.541031790414494
26,58,125,156,140,123,150,53.83513497807324,1.3070186242496355e-08
147,136,110,26,58,125,150,58.69987891833467,2.4017673999849117e-07
82,79,63,99,90,74,150,2.6745104265760506,1.554277582151561
156,140,123,99,90,74,152,2.474749544328349,0.000529520551465104
99,90,74,255,255,255,154,10.606868616757376,2.1817714607328762e-32
239,239,222,165,140,132,154,11.015246726193073,1.3715865451119465e-09
247,152,156,247,152,156,154,0.0,0.0
26,58,125,165,148,123,156,58.193417222412606,2.2824998270314588e-10
239,222,222,239,239,222,156,10.655061418501743,7.438296416056976
129,120,101,99,90,74,156,1.2881998848348135,0.06961448333226714
99,90,74,82,79,63,156,2.6745104265760506,1.554277582151561
99,90,74,87,82,84,157,11.147104090688515,9.020921783634803
26,58,125,87,82,84,159,42.63147946834347,7.109820881417996
173,160,127,156,156,132,161,7.352802839418573,6.541031790414494
247,152,156,239,239,222,161,39.237791978506394,0.0041794002671853864
173,160,127,173,160,127,162,0.0,0.0
239,239,222,222,222,206,163,0.398162044240592,0.19573373838631913
233,107,108,239,239,222,163,53.9439295303887,1.225914746628056e-08
233,107,108,255,255,255,164,54.16429244156451,2.137493945681528e-12
255,255,255,233,107,108,165,54.16429244156451,2.137493945681528e-12
99,90,74,129,120,101,167,1.2881998848348135,0.06961448333226714
222,222,206,26,58,125,170,52.11105367006093,1.505178554961078e-32
239,239,222,247,152,156,170,39.237791978506394,0.0041794002671853864
222,222,206,239,239,222,171,0.398162044240592,0.19573373838631913
239,239,222,233,107,108,172,53.9439295303887,1.225914746628056e-08
156,156,132,156,156,132,174,0.0,0.0
87,82,84,239,239,222,174,10.185864793327253,1.397302143318791e-29
99,90,74,156,140,123,174,2.474749544328349,0.000529520551465104
26,58,125,222,222,206,175,52.11105367006093,1.505178554961078e-32
187,179,149,26,58,125,176,60.050287482302075,4.392064568069977e-18
173,160,127,99,90,74,176,8.477812452597945,2.2227881322172418e-06
131,115,94,239,239,222,177,8.03079354795954,3.7526816020575185e-17
99,90,74,156,156,132,180,5.420337920751992,1.812770849187783e-05
120,109,104,99,90,74,182,6.757425347205489,1.745017640501025
239,239,222,87,82,84,183,10.185864793327253,1.397302143318791e-29
99,90,74,173,160,127,186,8.477812452597945,2.2227881322172418e-06
99,90,74,120,109,104,187,6.757425347205489,1.745017640501025
165,148,123,239,239,222,188,8.95714940351995,1.3658707851125492e-08
239,239,222,255,255,255,191,8.721721767956295,4.28323014684741
239,239,222,165,148,123,193,8.95714940351995,1.3658707851125492e-08
156,156,132,99,90,74,205,5.420337920751992,1.812770849187783e-05
156,140,123,26,58,125,209,53.83513497807324,1.3070186242496355e-08
156,140,123,239,239,222,209,6.769199425456718,1.9716035984098122e-10
165,148,123,26,58,125,216,58.193417222412606,2.2824998270314588e-10
239,239,222,129,120,101,221,4.606279156989997,2.3762309204209986e-16
239,239,222,156,140,123,222,6.769199425456718,1.9716035984098122e-10
255,255,255,239,239,222,222,8.721721767956295,4.28323014684741
26,58,125,120,109,104,227,47.02820514741712,0.007282744549841443
112,100,87,26,58,125,230,51.88223712261493,0.14022465352091895
129,120,101,239,239,222,230,4.606279156989997,2.3762309204209986e-16
87,82,84,26,58,125,238,42.63147946834347,7.109820881417996
120,109,104,239,239,222,238,7.378700285619637,3.5851068701881525e-19
26,58,125,129,120,101,248,54.949792990320766,0.00025108399812279734
239,239,222,120,109,104,249,7.378700285619637,3.5851068701881525e-19
239,239,222,173,160,127,249,10.983682463082742,2.0001952225391307e-06
173,160,127,239,239,222,252,10.983682463082742,2.0001952225391307e-06
120,109,104,26,58,125,268,47.02820514741712,0.007282744549841443
239,239,222,156,156,132,282,4.58592280900045,5.0189226881366144e-08
156,156,132,239,239,222,282,4.58592280900045,5.0189226881366144e-08
129,120,101,26,58,125,289,54.949792990320766,0.00025108399812279734
26,58,125,173,160,127,316,62.15028415754596,5.330187942029145e-13
99,90,74,99,90,74,337,0.0,0.0
233,107,108,233,107,108,344,0.0,0.0
26,58,125,156,156,132,348,57.09305231851246,2.1372407422320965e-11
26,58,125,239,239,222,381,52.50919723472141,2.7560526759327705e-39
99,90,74,239,239,222,381,4.360050907642922,9.961148373705978e-27
239,239,222,99,90,74,381,4.360050907642922,9.961148373705978e-27
26,58,125,99,90,74,408,53.706743404869826,2.1158002447536064
156,156,132,26,58,125,421,57.09305231851246,2.1372407422320965e-11
173,160,127,26,58,125,449,62.15028415754596,5.330187942029145e-13
99,90,74,26,58,125,518,53.706743404869826,2.1158002447536064
239,239,222,26,58,125,550,52.50919723472141,2.7560526759327705e-39
239,239,222,239,239,222,561,0.0,0.0
122,125,26,26,58,125,1367,94.8832216126657,0.0005219123689573
26,58,125,122,125,26,1762,94.8832216126657,0.0005219123689573
122,125,26,122,125,26,3705,0.0,0.0
26,58,125,26,58,125,12078,0.0,0.0
